month,cash_usd,accounts_receivable_usd,inventory_usd,net_ppe_usd,accounts_payable_usd,debt_usd,share_capital_usd,retained_earnings_usd,total_assets_usd,total_liabilities_equity_usd,balance_check_usd
2026-01,2028851.77,1322622.67,976464.63,4420000.0,713570.31,2000000.0,4200000.0,1834368.77,8747939.07,8747939.07,-0.0
2026-02,1979573.42,1355417.33,1001495.8,4440000.0,731862.32,2000000.0,4200000.0,1844624.24,8776486.55,8776486.55,-0.0
2026-03,1878375.81,1446233.33,1069472.73,4460000.0,781537.77,2000000.0,4200000.0,1872544.11,8854081.88,8854081.88,0.0
2026-04,1909856.95,1421522.67,1052059.01,4480000.0,768812.35,2000000.0,4200000.0,1894626.27,8863438.62,8863438.62,0.0
2026-05,1848694.58,1483930.0,1099143.5,4500000.0,803220.25,2000000.0,4200000.0,1928547.83,8931768.08,8931768.08,0.0
2026-06,1828268.13,1459133.33,1081658.93,4578000.0,790443.07,2000000.0,4200000.0,1956617.33,8947060.4,8947060.4,0.0
2026-07,1787193.08,1507336.33,1118303.34,4598000.0,817221.67,2000000.0,4200000.0,1993611.08,9010832.75,9010832.75,-0.0
2026-08,1769390.84,1541120.0,1144299.52,4618000.0,836218.88,2000000.0,4200000.0,2036591.48,9072810.36,9072810.36,0.0
2026-09,1845551.54,1486753.67,1104830.85,4638000.0,807376.39,2000000.0,4200000.0,2067759.67,9075136.06,9075136.06,0.0
2026-10,1762836.68,1579676.67,1174838.6,4658000.0,858535.9,2000000.0,4200000.0,2116816.04,9175351.94,9175351.94,0.0
2026-11,1712210.07,1658309.33,1234322.06,4678000.0,902004.58,2000000.0,4200000.0,2180836.88,9282841.46,9282841.46,0.0
2026-12,1632895.15,1722522.67,1283159.21,4756000.0,937693.27,2000000.0,4200000.0,2256883.76,9394577.03,9394577.03,0.0
