month,actual_revenue_usd,budget_revenue_usd,revenue_variance_usd,actual_ebitda_usd,budget_ebitda_usd
2026-01,922760.0,920000.0,2760.0,63825.02,63800.0
2026-02,945640.0,941880.0,3760.0,71673.96,71890.7
2026-03,1009000.0,1004000.0,5000.0,95226.5,95675.0
2026-04,991760.0,985880.0,5880.0,87442.88,88165.7
2026-05,1035300.0,1028160.0,7140.0,103228.75,104212.4
2026-06,1018000.0,1010000.0,8000.0,95426.0,96687.5
2026-07,1051630.0,1042360.0,9270.0,107325.0,108865.4
2026-08,1075200.0,1064700.0,10500.0,115307.2,117135.5
2026-09,1037270.0,1026160.0,11110.0,99557.59,101662.4
2026-10,1102100.0,1089260.0,12840.0,123408.5,125828.9
2026-11,1156960.0,1142400.0,14560.0,143361.12,146111.0
2026-12,1201760.0,1185520.0,16240.0,159395.84,162485.3
