month,revenue_usd,cogs_usd,opex_usd,ebitda_usd,depreciation_usd,interest_usd,tax_usd,net_income_usd,capex_usd,cash_from_operations_usd,ending_cash_usd
2026-01,922760.0,563344.98,295590.0,63825.02,42000,16000,1456.26,4368.77,62000,290851.77,2028851.77
2026-02,945640.0,577786.04,296180.0,71673.96,42000,16000,3418.49,10255.47,62000,12721.64,1979573.42
2026-03,1009000.0,617003.5,296770.0,95226.5,42000,16000,9306.62,27919.88,62000,-39197.61,1878375.81
2026-04,991760.0,606957.12,297360.0,87442.88,42000,16000,7360.72,22082.16,62000,93481.14,1909856.95
2026-05,1035300.0,634121.25,297950.0,103228.75,42000,16000,11307.19,33921.56,62000,837.64,1848694.58
2026-06,1018000.0,624034.0,298540.0,95426.0,42000,16000,9356.5,28069.5,120000,99573.55,1828268.13
2026-07,1051630.0,645175.0,299130.0,107325.0,42000,16000,12331.25,36993.75,62000,20924.94,1787193.08
2026-08,1075200.0,660172.8,299720.0,115307.2,42000,16000,14326.8,42980.4,62000,44197.76,1769390.84
2026-09,1037270.0,637402.41,300310.0,99557.59,42000,16000,10389.4,31168.19,62000,138160.7,1845551.54
2026-10,1102100.0,677791.5,300900.0,123408.5,42000,16000,16352.12,49056.38,62000,-20714.86,1762836.68
2026-11,1156960.0,712108.88,301490.0,143361.12,42000,16000,21340.28,64020.84,62000,11373.4,1712210.07
2026-12,1201760.0,740284.16,302080.0,159395.84,42000,16000,25348.96,76046.88,120000,40685.08,1632895.15
