bid_id,bid_date,lane,customer_tier,distance_miles,weight_lb,stops,current_quote_usd,market_reference_usd,estimated_cost_usd,awarded
B00001,2026-01-05,Detroit-Chicago,Strategic,256,26950,2,554.37,552.47,476.67,1
B00002,2026-02-10,Detroit-Cleveland,Core,143,3631,1,329.22,330.47,340.13,1
B00003,2026-03-15,Detroit-Atlanta,Transactional,785,23382,1,1531.66,1456.39,1166.38,0
B00004,2026-04-20,Detroit-Toronto,Strategic,238,15128,1,529.48,574.01,468.14,1
B00005,2026-05-25,Detroit-Nashville,Core,540,30332,1,1039.97,1036.85,839.91,1
B00006,2026-06-02,Detroit-Indianapolis,Transactional,268,13995,1,567.93,528.8,443.73,1
B00007,2026-07-07,Detroit-Chicago,Strategic,316,9874,2,657.05,711.87,555.66,0
B00008,2026-08-12,Detroit-Cleveland,Core,186,33018,2,468.11,447.51,376.29,1
B00009,2026-09-17,Detroit-Atlanta,Transactional,698,25124,1,1449.08,1354.63,948.08,1
B00010,2026-10-22,Detroit-Toronto,Strategic,218,35961,1,500.05,518.55,428.0,1
B00011,2026-11-27,Detroit-Nashville,Core,477,25599,1,944.42,945.52,698.36,0
B00012,2026-12-04,Detroit-Indianapolis,Transactional,302,23503,1,618.77,594.33,496.35,1
B00013,2026-01-09,Detroit-Chicago,Strategic,295,8956,1,610.62,624.39,495.67,1
B00014,2026-02-14,Detroit-Cleveland,Core,168,19520,2,436.85,427.15,367.38,0
B00015,2026-03-19,Detroit-Atlanta,Transactional,674,9444,2,1420.33,1346.85,1065.15,1
B00016,2026-04-24,Detroit-Toronto,Strategic,224,12088,1,546.35,546.67,437.57,0
B00017,2026-05-01,Detroit-Nashville,Core,563,22853,1,1105.71,1092.39,862.8,0
B00018,2026-06-06,Detroit-Indianapolis,Transactional,246,30493,1,535.47,514.78,413.34,0
B00019,2026-07-11,Detroit-Chicago,Strategic,273,5701,2,575.41,604.99,486.48,1
B00020,2026-08-16,Detroit-Cleveland,Core,152,10502,1,356.63,353.01,319.9,1
B00021,2026-09-21,Detroit-Atlanta,Transactional,694,13471,1,1451.75,1343.77,926.42,1
B00022,2026-10-26,Detroit-Toronto,Strategic,239,27561,1,572.81,575.62,442.38,0
B00023,2026-11-03,Detroit-Nashville,Core,544,10861,1,1091.06,1081.09,839.19,1
B00024,2026-12-08,Detroit-Indianapolis,Transactional,249,11810,2,567.89,533.38,429.12,1
B00025,2026-01-13,Detroit-Chicago,Strategic,303,16963,1,615.1,644.52,526.59,0
B00026,2026-02-18,Detroit-Cleveland,Core,161,26985,1,370.3,365.74,327.08,0
B00027,2026-03-23,Detroit-Atlanta,Transactional,659,4895,3,1430.8,1346.85,997.6,0
B00028,2026-04-28,Detroit-Toronto,Strategic,228,29556,1,514.54,542.94,456.78,1
B00029,2026-05-05,Detroit-Nashville,Core,539,13999,1,1106.75,1061.25,825.26,0
B00030,2026-06-10,Detroit-Indianapolis,Transactional,263,26238,1,542.85,543.44,423.04,0
B00031,2026-07-15,Detroit-Chicago,Strategic,247,20078,1,501.7,521.38,479.88,1
B00032,2026-08-20,Detroit-Cleveland,Core,166,13635,1,360.73,367.5,327.88,0
B00033,2026-09-25,Detroit-Atlanta,Transactional,709,12119,1,1341.32,1286.83,1025.86,1
B00034,2026-10-02,Detroit-Toronto,Strategic,210,20305,2,522.84,535.79,422.31,0
B00035,2026-11-07,Detroit-Nashville,Core,527,8896,2,1062.96,1104.1,827.54,1
B00036,2026-12-12,Detroit-Indianapolis,Transactional,284,28140,2,630.79,596.6,469.83,0
B00037,2026-01-17,Detroit-Chicago,Strategic,307,29225,1,601.77,646.26,485.3,1
B00038,2026-02-22,Detroit-Cleveland,Core,157,10008,1,362.33,358.51,329.16,0
B00039,2026-03-27,Detroit-Atlanta,Transactional,635,9355,1,1219.75,1149.24,875.83,1
B00040,2026-04-04,Detroit-Toronto,Strategic,244,28765,1,552.38,554.47,443.63,0
B00041,2026-05-09,Detroit-Nashville,Core,528,18490,2,1019.12,1061.29,856.96,1
B00042,2026-06-14,Detroit-Indianapolis,Transactional,263,6791,2,597.05,557.4,458.39,1
B00043,2026-07-19,Detroit-Chicago,Strategic,262,36081,1,545.29,550.77,443.3,0
B00044,2026-08-24,Detroit-Cleveland,Core,161,7857,1,355.03,366.82,334.85,1
B00045,2026-09-01,Detroit-Atlanta,Transactional,661,28058,2,1272.33,1278.66,931.22,1
B00046,2026-10-06,Detroit-Toronto,Strategic,241,26395,1,537.64,546.73,447.16,0
B00047,2026-11-11,Detroit-Nashville,Core,540,29867,3,1131.23,1172.35,866.84,0
B00048,2026-12-16,Detroit-Indianapolis,Transactional,269,5556,2,608.6,571.81,459.68,1
B00049,2026-01-21,Detroit-Chicago,Strategic,294,8152,2,612.74,630.32,526.01,1
B00050,2026-02-26,Detroit-Cleveland,Core,187,6744,2,480.86,472.52,399.01,1
B00051,2026-03-03,Detroit-Atlanta,Transactional,706,30902,1,1412.27,1320.96,1006.05,0
B00052,2026-04-08,Detroit-Toronto,Strategic,249,30856,1,608.28,605.65,470.29,0
B00053,2026-05-13,Detroit-Nashville,Core,464,34424,1,911.51,947.85,725.89,0
B00054,2026-06-18,Detroit-Indianapolis,Transactional,267,18247,1,568.31,565.28,458.79,0
B00055,2026-07-23,Detroit-Chicago,Strategic,313,21396,2,664.39,692.48,525.22,0
B00056,2026-08-28,Detroit-Cleveland,Core,177,24935,1,412.09,417.7,350.29,1
B00057,2026-09-05,Detroit-Atlanta,Transactional,677,20333,1,1310.51,1228.48,961.57,0
B00058,2026-10-10,Detroit-Toronto,Strategic,211,23608,1,492.42,502.62,417.0,1
B00059,2026-11-15,Detroit-Nashville,Core,507,22761,1,993.93,1004.38,742.26,0
B00060,2026-12-20,Detroit-Indianapolis,Transactional,284,22756,2,632.01,621.14,484.12,1
B00061,2026-01-25,Detroit-Chicago,Strategic,271,10565,2,600.68,609.38,482.34,0
B00062,2026-02-02,Detroit-Cleveland,Core,183,29768,1,415.55,427.86,352.39,0
B00063,2026-03-07,Detroit-Atlanta,Transactional,768,20183,1,1514.73,1492.67,1105.08,1
B00064,2026-04-12,Detroit-Toronto,Strategic,209,32931,1,455.47,492.56,408.55,1
B00065,2026-05-17,Detroit-Nashville,Core,572,34638,2,1188.25,1201.11,908.63,1
B00066,2026-06-22,Detroit-Indianapolis,Transactional,289,14966,1,597.6,571.63,541.74,1
B00067,2026-07-27,Detroit-Chicago,Strategic,266,22095,3,572.11,617.42,485.91,0
B00068,2026-08-04,Detroit-Cleveland,Core,186,35517,2,451.06,457.44,398.24,1
B00069,2026-09-09,Detroit-Atlanta,Transactional,665,13591,2,1334.26,1285.68,970.44,1
B00070,2026-10-14,Detroit-Toronto,Strategic,231,16855,2,585.59,580.95,471.84,0
B00071,2026-11-19,Detroit-Nashville,Core,582,31073,2,1226.03,1243.46,914.12,1
B00072,2026-12-24,Detroit-Indianapolis,Transactional,259,20141,1,522.71,520.64,438.1,1
B00073,2026-01-01,Detroit-Chicago,Strategic,259,34498,1,513.61,535.41,431.76,1
B00074,2026-02-06,Detroit-Cleveland,Core,183,23153,1,444.97,430.19,353.2,1
B00075,2026-03-11,Detroit-Atlanta,Transactional,713,15534,1,1356.53,1364.82,1050.28,1
B00076,2026-04-16,Detroit-Toronto,Strategic,262,27395,1,593.58,623.71,516.69,0
B00077,2026-05-21,Detroit-Nashville,Core,620,32277,2,1193.28,1226.46,940.62,1
B00078,2026-06-26,Detroit-Indianapolis,Transactional,299,14842,1,624.12,615.84,470.54,0
B00079,2026-07-03,Detroit-Chicago,Strategic,253,30189,1,552.0,552.46,447.78,1
B00080,2026-08-08,Detroit-Cleveland,Core,156,29336,1,346.59,349.13,306.44,1
B00081,2026-09-13,Detroit-Atlanta,Transactional,756,35818,1,1436.1,1370.21,984.63,0
B00082,2026-10-18,Detroit-Toronto,Strategic,257,21303,1,567.06,606.77,458.71,1
B00083,2026-11-23,Detroit-Nashville,Core,518,17345,1,1053.39,1044.56,806.76,1
B00084,2026-12-28,Detroit-Indianapolis,Transactional,328,14512,1,717.32,671.84,510.58,0
B00085,2026-01-05,Detroit-Chicago,Strategic,226,5168,1,451.21,458.88,401.63,0
B00086,2026-02-10,Detroit-Cleveland,Core,169,14481,1,388.76,396.77,343.35,1
B00087,2026-03-15,Detroit-Atlanta,Transactional,658,27740,1,1312.27,1261.11,944.45,0
B00088,2026-04-20,Detroit-Toronto,Strategic,211,2696,2,499.16,534.55,421.7,0
B00089,2026-05-25,Detroit-Nashville,Core,508,14796,1,1091.04,1051.75,812.84,0
B00090,2026-06-02,Detroit-Indianapolis,Transactional,304,10310,1,666.53,615.01,484.16,0
B00091,2026-07-07,Detroit-Chicago,Strategic,271,11701,1,521.53,564.52,474.95,1
B00092,2026-08-12,Detroit-Cleveland,Core,174,14483,1,411.87,405.37,343.62,0
B00093,2026-09-17,Detroit-Atlanta,Transactional,724,13172,1,1423.7,1413.7,1011.77,1
B00094,2026-10-22,Detroit-Toronto,Strategic,256,12069,1,571.22,586.95,442.29,1
B00095,2026-11-27,Detroit-Nashville,Core,574,6031,2,1279.24,1224.22,898.64,1
B00096,2026-12-04,Detroit-Indianapolis,Transactional,317,4023,1,680.92,660.7,494.84,1
B00097,2026-01-09,Detroit-Chicago,Strategic,295,24328,1,586.11,611.48,515.87,1
B00098,2026-02-14,Detroit-Cleveland,Core,183,12097,1,421.6,430.22,375.78,1
B00099,2026-03-19,Detroit-Atlanta,Transactional,638,14570,2,1247.32,1244.97,946.44,0
B00100,2026-04-24,Detroit-Toronto,Strategic,255,8047,1,548.47,585.44,520.0,1
B00101,2026-05-01,Detroit-Nashville,Core,470,4905,1,967.92,960.54,735.01,1
B00102,2026-06-06,Detroit-Indianapolis,Transactional,253,8734,1,520.83,505.54,448.99,0
B00103,2026-07-11,Detroit-Chicago,Strategic,269,6555,1,555.3,560.76,444.04,1
B00104,2026-08-16,Detroit-Cleveland,Core,156,12737,1,361.0,360.67,317.68,0
B00105,2026-09-21,Detroit-Atlanta,Transactional,611,30383,2,1198.8,1193.64,873.02,1
B00106,2026-10-26,Detroit-Toronto,Strategic,233,13345,2,574.88,575.72,450.71,0
B00107,2026-11-03,Detroit-Nashville,Core,614,37468,2,1243.17,1222.49,975.23,0
B00108,2026-12-08,Detroit-Indianapolis,Transactional,255,3521,1,548.31,519.29,459.79,0
B00109,2026-01-13,Detroit-Chicago,Strategic,273,21779,1,563.59,583.3,468.49,0
B00110,2026-02-18,Detroit-Cleveland,Core,149,27816,1,323.37,333.95,299.4,1
B00111,2026-03-23,Detroit-Atlanta,Transactional,652,35483,2,1260.48,1264.55,968.05,1
B00112,2026-04-28,Detroit-Toronto,Strategic,219,4360,1,521.83,526.15,419.86,0
B00113,2026-05-05,Detroit-Nashville,Core,517,23105,1,1070.2,1070.57,791.45,1
B00114,2026-06-10,Detroit-Indianapolis,Transactional,326,28125,1,686.13,673.45,521.11,1
B00115,2026-07-15,Detroit-Chicago,Strategic,265,32994,2,567.51,579.07,469.86,1
B00116,2026-08-20,Detroit-Cleveland,Core,163,26053,1,362.5,375.54,381.14,1
B00117,2026-09-25,Detroit-Atlanta,Transactional,754,23252,1,1417.9,1365.96,1071.69,0
B00118,2026-10-02,Detroit-Toronto,Strategic,270,18985,2,618.73,661.53,532.12,0
B00119,2026-11-07,Detroit-Nashville,Core,540,4362,1,1081.89,1072.85,826.72,1
B00120,2026-12-12,Detroit-Indianapolis,Transactional,277,12704,2,613.0,582.45,465.0,0
B00121,2026-01-17,Detroit-Chicago,Strategic,257,35289,1,527.71,533.37,440.13,1
B00122,2026-02-22,Detroit-Cleveland,Core,160,30462,1,368.03,365.34,326.19,1
B00123,2026-03-27,Detroit-Atlanta,Transactional,637,13724,3,1294.57,1296.81,964.82,1
B00124,2026-04-04,Detroit-Toronto,Strategic,214,27204,2,521.69,538.6,420.33,0
B00125,2026-05-09,Detroit-Nashville,Core,597,13014,2,1237.26,1205.84,978.88,0
B00126,2026-06-14,Detroit-Indianapolis,Transactional,257,23394,1,549.34,527.66,441.32,1
B00127,2026-07-19,Detroit-Chicago,Strategic,271,6137,3,648.03,660.01,486.07,1
B00128,2026-08-24,Detroit-Cleveland,Core,176,36405,3,471.94,470.84,390.86,1
B00129,2026-09-01,Detroit-Atlanta,Transactional,851,25480,2,1678.27,1597.79,1262.73,0
B00130,2026-10-06,Detroit-Toronto,Strategic,234,3099,2,566.78,577.86,431.84,0
B00131,2026-11-11,Detroit-Nashville,Core,476,2546,1,963.56,968.65,772.47,1
B00132,2026-12-16,Detroit-Indianapolis,Transactional,273,34124,2,599.59,583.35,444.3,0
B00133,2026-01-21,Detroit-Chicago,Strategic,266,21817,3,610.78,635.37,485.85,0
B00134,2026-02-26,Detroit-Cleveland,Core,159,23963,2,393.24,386.15,338.9,1
B00135,2026-03-03,Detroit-Atlanta,Transactional,658,16987,1,1281.26,1277.54,969.3,1
B00136,2026-04-08,Detroit-Toronto,Strategic,224,7580,1,498.89,512.34,438.82,0
B00137,2026-05-13,Detroit-Nashville,Core,498,21265,1,1050.0,1013.76,765.28,0
B00138,2026-06-18,Detroit-Indianapolis,Transactional,314,35604,1,649.84,627.51,508.34,0
B00139,2026-07-23,Detroit-Chicago,Strategic,251,14788,2,568.84,565.23,433.89,1
B00140,2026-08-28,Detroit-Cleveland,Core,165,3868,2,420.0,410.33,358.0,0
B00141,2026-09-05,Detroit-Atlanta,Transactional,740,6898,2,1538.83,1468.69,1001.25,0
B00142,2026-10-10,Detroit-Toronto,Strategic,261,11191,1,597.68,625.17,521.25,0
B00143,2026-11-15,Detroit-Nashville,Core,482,28325,2,1053.06,1019.76,750.29,1
B00144,2026-12-20,Detroit-Indianapolis,Transactional,295,11112,1,633.93,592.49,469.69,1
B00145,2026-01-25,Detroit-Chicago,Strategic,236,16050,1,498.06,503.71,432.56,1
B00146,2026-02-02,Detroit-Cleveland,Core,173,8835,1,372.56,379.35,346.78,1
B00147,2026-03-07,Detroit-Atlanta,Transactional,674,34723,1,1368.07,1297.49,941.18,1
B00148,2026-04-12,Detroit-Toronto,Strategic,259,12059,1,592.69,622.77,475.83,0
B00149,2026-05-17,Detroit-Nashville,Core,566,33772,1,1178.91,1160.94,881.04,1
B00150,2026-06-22,Detroit-Indianapolis,Transactional,282,36250,1,621.79,577.99,423.67,1
B00151,2026-07-27,Detroit-Chicago,Strategic,251,13670,1,527.76,544.25,443.15,0
B00152,2026-08-04,Detroit-Cleveland,Core,166,5091,2,400.04,414.0,362.78,1
B00153,2026-09-09,Detroit-Atlanta,Transactional,830,31095,1,1653.44,1552.7,1075.01,0
B00154,2026-10-14,Detroit-Toronto,Strategic,234,15051,1,528.56,533.15,451.47,0
B00155,2026-11-19,Detroit-Nashville,Core,589,15413,1,1183.77,1153.42,884.48,1
B00156,2026-12-24,Detroit-Indianapolis,Transactional,266,23708,1,575.72,545.55,420.22,1
B00157,2026-01-01,Detroit-Chicago,Strategic,294,31278,2,659.49,662.18,520.33,0
B00158,2026-02-06,Detroit-Cleveland,Core,201,27092,2,485.84,479.41,401.63,1
B00159,2026-03-11,Detroit-Atlanta,Transactional,671,12340,1,1415.12,1302.83,976.89,1
B00160,2026-04-16,Detroit-Toronto,Strategic,222,14581,2,552.2,547.94,442.29,0
B00161,2026-05-21,Detroit-Nashville,Core,523,36457,1,1034.85,1068.56,836.4,1
B00162,2026-06-26,Detroit-Indianapolis,Transactional,299,22077,1,660.1,614.85,489.19,0
B00163,2026-07-03,Detroit-Chicago,Strategic,254,17662,2,563.06,571.94,451.5,1
B00164,2026-08-08,Detroit-Cleveland,Core,158,16500,2,418.89,408.66,340.05,1
B00165,2026-09-13,Detroit-Atlanta,Transactional,739,20117,1,1381.74,1333.93,994.78,1
B00166,2026-10-18,Detroit-Toronto,Strategic,231,22903,1,496.64,533.09,434.48,1
B00167,2026-11-23,Detroit-Nashville,Core,557,27967,1,1157.51,1130.37,843.34,1
B00168,2026-12-28,Detroit-Indianapolis,Transactional,268,17085,1,550.54,537.09,456.05,1
B00169,2026-01-05,Detroit-Chicago,Strategic,273,8932,1,575.15,585.44,479.22,1
B00170,2026-02-10,Detroit-Cleveland,Core,160,35732,1,366.62,376.99,338.33,1
B00171,2026-03-15,Detroit-Atlanta,Transactional,699,35186,1,1356.16,1354.53,980.23,0
B00172,2026-04-20,Detroit-Toronto,Strategic,240,6786,1,540.6,543.75,454.4,1
B00173,2026-05-25,Detroit-Nashville,Core,553,10621,2,1097.49,1104.45,838.49,0
B00174,2026-06-02,Detroit-Indianapolis,Transactional,290,21928,1,629.4,607.98,460.89,1
B00175,2026-07-07,Detroit-Chicago,Strategic,286,12067,1,577.33,582.41,494.04,0
B00176,2026-08-12,Detroit-Cleveland,Core,171,36412,1,380.25,380.45,353.54,0
B00177,2026-09-17,Detroit-Atlanta,Transactional,619,30138,1,1221.24,1133.82,862.51,0
B00178,2026-10-22,Detroit-Toronto,Strategic,223,3236,3,570.29,599.09,447.4,0
B00179,2026-11-27,Detroit-Nashville,Core,574,7885,1,1175.91,1130.85,872.06,1
B00180,2026-12-04,Detroit-Indianapolis,Transactional,241,18426,1,550.02,508.44,408.21,1
B00181,2026-01-09,Detroit-Chicago,Strategic,307,34058,1,587.95,619.13,495.88,0
B00182,2026-02-14,Detroit-Cleveland,Core,191,5267,1,441.3,437.46,361.22,1
B00183,2026-03-19,Detroit-Atlanta,Transactional,647,29942,3,1313.58,1264.9,998.18,1
B00184,2026-04-24,Detroit-Toronto,Strategic,246,33394,1,549.83,587.71,512.37,0
B00185,2026-05-01,Detroit-Nashville,Core,545,14723,1,1100.89,1097.79,860.87,0
B00186,2026-06-06,Detroit-Indianapolis,Transactional,277,3485,1,579.68,542.79,486.06,0
B00187,2026-07-11,Detroit-Chicago,Strategic,240,6365,1,512.36,510.26,412.42,0
B00188,2026-08-16,Detroit-Cleveland,Core,155,3845,2,390.33,381.12,339.69,0
B00189,2026-09-21,Detroit-Atlanta,Transactional,757,10305,2,1491.85,1494.04,1065.55,1
B00190,2026-10-26,Detroit-Toronto,Strategic,209,28116,1,482.21,503.03,389.84,0
B00191,2026-11-03,Detroit-Nashville,Core,558,30808,1,1100.51,1129.09,840.64,1
B00192,2026-12-08,Detroit-Indianapolis,Transactional,275,8407,1,602.95,580.52,447.33,1
B00193,2026-01-13,Detroit-Chicago,Strategic,252,31431,1,473.92,511.59,437.0,0
B00194,2026-02-18,Detroit-Cleveland,Core,148,26578,1,361.87,350.39,339.48,0
B00195,2026-03-23,Detroit-Atlanta,Transactional,715,9910,1,1296.35,1291.61,1044.83,1
B00196,2026-04-28,Detroit-Toronto,Strategic,248,23251,1,536.72,562.28,461.17,0
B00197,2026-05-05,Detroit-Nashville,Core,505,22819,2,1045.5,1079.03,773.66,1
B00198,2026-06-10,Detroit-Indianapolis,Transactional,303,24774,1,614.9,605.54,485.85,1
B00199,2026-07-15,Detroit-Chicago,Strategic,256,33394,1,500.73,534.24,443.5,1
B00200,2026-08-20,Detroit-Cleveland,Core,160,29999,1,359.7,350.86,336.11,0
B00201,2026-09-25,Detroit-Atlanta,Transactional,683,34689,1,1352.49,1320.53,944.25,1
B00202,2026-10-02,Detroit-Toronto,Strategic,199,6113,1,469.58,472.22,401.17,1
B00203,2026-11-07,Detroit-Nashville,Core,540,22636,1,1037.36,1040.7,824.95,0
B00204,2026-12-12,Detroit-Indianapolis,Transactional,323,17879,1,679.56,658.96,509.82,1
B00205,2026-01-17,Detroit-Chicago,Strategic,253,27356,1,535.33,549.9,433.31,1
B00206,2026-02-22,Detroit-Cleveland,Core,175,22900,1,418.14,408.21,347.04,1
B00207,2026-03-27,Detroit-Atlanta,Transactional,773,3826,1,1500.96,1482.2,1150.67,0
B00208,2026-04-04,Detroit-Toronto,Strategic,241,37604,1,523.83,557.82,471.15,1
B00209,2026-05-09,Detroit-Nashville,Core,546,6939,1,1146.38,1123.45,822.09,0
B00210,2026-06-14,Detroit-Indianapolis,Transactional,271,23950,1,576.66,550.13,451.6,1
B00211,2026-07-19,Detroit-Chicago,Strategic,274,21217,1,546.15,556.91,427.88,0
B00212,2026-08-24,Detroit-Cleveland,Core,188,24606,1,433.39,433.09,367.09,1
B00213,2026-09-01,Detroit-Atlanta,Transactional,711,23890,1,1421.76,1388.47,1011.91,1
B00214,2026-10-06,Detroit-Toronto,Strategic,244,28877,1,528.17,559.33,527.91,0
B00215,2026-11-11,Detroit-Nashville,Core,517,24725,2,1052.01,1086.67,783.64,0
B00216,2026-12-16,Detroit-Indianapolis,Transactional,280,37206,1,634.94,584.8,446.14,0
B00217,2026-01-21,Detroit-Chicago,Strategic,279,3709,2,583.34,598.95,486.22,0
B00218,2026-02-26,Detroit-Cleveland,Core,183,33202,1,445.3,426.43,347.07,1
B00219,2026-03-03,Detroit-Atlanta,Transactional,728,27920,1,1373.91,1379.61,986.52,1
B00220,2026-04-08,Detroit-Toronto,Strategic,251,33401,1,587.28,608.35,455.0,1
B00221,2026-05-13,Detroit-Nashville,Core,472,6587,1,908.5,933.87,705.08,1
B00222,2026-06-18,Detroit-Indianapolis,Transactional,286,27540,1,590.3,586.6,466.81,0
B00223,2026-07-23,Detroit-Chicago,Strategic,296,17141,3,698.13,696.48,535.6,0
B00224,2026-08-28,Detroit-Cleveland,Core,166,9468,3,462.12,459.85,374.47,1
B00225,2026-09-05,Detroit-Atlanta,Transactional,712,29070,1,1388.65,1370.37,1018.88,1
B00226,2026-10-10,Detroit-Toronto,Strategic,249,24146,3,594.24,639.29,496.44,1
B00227,2026-11-15,Detroit-Nashville,Core,537,18461,3,1111.64,1111.73,855.89,0
B00228,2026-12-20,Detroit-Indianapolis,Transactional,260,35585,1,587.62,544.15,430.41,0
B00229,2026-01-25,Detroit-Chicago,Strategic,274,35463,1,543.38,587.16,452.85,1
B00230,2026-02-02,Detroit-Cleveland,Core,166,3741,1,366.0,369.97,335.57,0
B00231,2026-03-07,Detroit-Atlanta,Transactional,725,27464,1,1306.76,1310.13,1020.33,1
B00232,2026-04-12,Detroit-Toronto,Strategic,234,35088,1,545.27,558.52,435.02,0
B00233,2026-05-17,Detroit-Nashville,Core,550,32292,2,1157.16,1139.14,819.33,0
B00234,2026-06-22,Detroit-Indianapolis,Transactional,284,9867,3,665.35,628.33,514.78,0
B00235,2026-07-27,Detroit-Chicago,Strategic,297,14529,1,607.14,629.86,535.72,0
B00236,2026-08-04,Detroit-Cleveland,Core,168,24667,2,421.16,403.85,382.78,0
B00237,2026-09-09,Detroit-Atlanta,Transactional,688,7898,1,1318.63,1274.81,949.03,1
B00238,2026-10-14,Detroit-Toronto,Strategic,221,21344,2,511.97,538.86,443.03,0
B00239,2026-11-19,Detroit-Nashville,Core,477,16775,1,936.58,948.32,741.69,0
B00240,2026-12-24,Detroit-Indianapolis,Transactional,276,33431,1,575.77,564.4,451.7,0
B00241,2026-01-01,Detroit-Chicago,Strategic,246,2914,2,524.07,559.62,434.33,1
B00242,2026-02-06,Detroit-Cleveland,Core,175,27874,1,397.14,387.32,348.43,1
B00243,2026-03-11,Detroit-Atlanta,Transactional,756,36570,1,1412.88,1374.2,1054.7,0
B00244,2026-04-16,Detroit-Toronto,Strategic,228,17285,1,490.7,520.99,434.02,0
B00245,2026-05-21,Detroit-Nashville,Core,561,36046,1,1116.12,1100.15,863.81,1
B00246,2026-06-26,Detroit-Indianapolis,Transactional,272,16522,2,608.45,582.0,458.77,0
B00247,2026-07-03,Detroit-Chicago,Strategic,269,36627,1,569.52,567.58,428.18,0
B00248,2026-08-08,Detroit-Cleveland,Core,155,30834,2,392.94,378.2,334.59,0
B00249,2026-09-13,Detroit-Atlanta,Transactional,638,13208,1,1296.96,1215.2,918.23,0
B00250,2026-10-18,Detroit-Toronto,Strategic,225,35075,2,569.45,571.64,505.42,1
B00251,2026-11-23,Detroit-Nashville,Core,473,37212,2,931.61,949.6,742.44,1
B00252,2026-12-28,Detroit-Indianapolis,Transactional,261,22129,1,576.64,552.28,504.89,0
B00253,2026-01-05,Detroit-Chicago,Strategic,267,33393,1,535.64,566.08,449.19,1
B00254,2026-02-10,Detroit-Cleveland,Core,160,35715,3,423.2,432.87,363.98,1
B00255,2026-03-15,Detroit-Atlanta,Transactional,676,32753,1,1422.63,1313.56,997.09,1
B00256,2026-04-20,Detroit-Toronto,Strategic,227,33805,1,538.04,549.8,449.29,1
B00257,2026-05-25,Detroit-Nashville,Core,583,4947,1,1124.39,1152.94,876.14,1
B00258,2026-06-02,Detroit-Indianapolis,Transactional,274,3034,1,580.87,537.05,447.63,1
B00259,2026-07-07,Detroit-Chicago,Strategic,273,3268,2,548.34,593.79,474.48,0
B00260,2026-08-12,Detroit-Cleveland,Core,177,14627,2,447.38,444.19,357.69,1
B00261,2026-09-17,Detroit-Atlanta,Transactional,693,16245,1,1369.96,1286.81,970.37,0
B00262,2026-10-22,Detroit-Toronto,Strategic,226,11732,1,534.66,554.15,429.87,0
B00263,2026-11-27,Detroit-Nashville,Core,495,22873,1,963.53,990.71,757.55,1
B00264,2026-12-04,Detroit-Indianapolis,Transactional,282,22938,2,665.35,620.9,488.93,0
B00265,2026-01-09,Detroit-Chicago,Strategic,302,34634,1,587.78,618.21,465.32,1
B00266,2026-02-14,Detroit-Cleveland,Core,170,23937,1,402.63,400.26,406.03,0
B00267,2026-03-19,Detroit-Atlanta,Transactional,701,32315,1,1332.37,1276.74,1020.15,0
B00268,2026-04-24,Detroit-Toronto,Strategic,264,9228,1,619.15,615.11,521.02,0
B00269,2026-05-01,Detroit-Nashville,Core,539,5125,1,1059.98,1039.18,793.36,1
B00270,2026-06-06,Detroit-Indianapolis,Transactional,273,31346,1,579.07,556.27,506.58,0
B00271,2026-07-11,Detroit-Chicago,Strategic,288,4322,1,568.55,605.9,545.48,1
B00272,2026-08-16,Detroit-Cleveland,Core,157,21486,1,377.71,363.49,355.24,1
B00273,2026-09-21,Detroit-Atlanta,Transactional,598,16590,1,1218.78,1133.72,853.48,1
B00274,2026-10-26,Detroit-Toronto,Strategic,228,26230,1,504.2,532.57,417.59,0
B00275,2026-11-03,Detroit-Nashville,Core,500,36971,3,1044.18,1030.76,820.04,1
B00276,2026-12-08,Detroit-Indianapolis,Transactional,255,4044,1,507.18,501.72,419.65,1
B00277,2026-01-13,Detroit-Chicago,Strategic,247,9223,1,510.65,514.72,424.06,1
B00278,2026-02-18,Detroit-Cleveland,Core,142,16457,1,315.57,315.99,302.26,1
B00279,2026-03-23,Detroit-Atlanta,Transactional,792,6736,1,1487.44,1458.79,1058.23,1
B00280,2026-04-28,Detroit-Toronto,Strategic,251,15648,1,591.17,612.78,472.16,0
B00281,2026-05-05,Detroit-Nashville,Core,488,20378,1,972.69,949.88,752.11,1
B00282,2026-06-10,Detroit-Indianapolis,Transactional,284,34820,3,689.97,669.5,494.14,0
B00283,2026-07-15,Detroit-Chicago,Strategic,245,4792,1,500.55,506.42,391.61,0
B00284,2026-08-20,Detroit-Cleveland,Core,160,25464,1,351.09,350.66,383.43,1
B00285,2026-09-25,Detroit-Atlanta,Transactional,655,6786,1,1352.45,1258.91,964.37,1
B00286,2026-10-02,Detroit-Toronto,Strategic,228,34495,1,544.02,541.82,459.86,0
B00287,2026-11-07,Detroit-Nashville,Core,584,26246,2,1162.81,1191.23,930.75,0
B00288,2026-12-12,Detroit-Indianapolis,Transactional,276,13982,3,652.88,635.42,501.19,1
B00289,2026-01-17,Detroit-Chicago,Strategic,270,37005,1,567.85,573.94,459.43,1
B00290,2026-02-22,Detroit-Cleveland,Core,155,22343,1,359.58,343.52,322.43,1
B00291,2026-03-27,Detroit-Atlanta,Transactional,658,23731,1,1342.7,1270.8,950.9,1
B00292,2026-04-04,Detroit-Toronto,Strategic,233,33149,1,518.82,531.22,500.53,1
B00293,2026-05-09,Detroit-Nashville,Core,486,6986,1,993.45,994.06,715.19,0
B00294,2026-06-14,Detroit-Indianapolis,Transactional,309,34632,1,630.3,605.29,499.28,0
B00295,2026-07-19,Detroit-Chicago,Strategic,341,13066,3,708.54,765.52,608.1,0
B00296,2026-08-24,Detroit-Cleveland,Core,178,30963,2,451.55,447.19,371.6,0
B00297,2026-09-01,Detroit-Atlanta,Transactional,755,4275,2,1411.83,1415.26,1095.46,1
B00298,2026-10-06,Detroit-Toronto,Strategic,245,16965,1,545.05,557.37,506.09,0
B00299,2026-11-11,Detroit-Nashville,Core,629,12257,2,1321.8,1337.86,1009.42,0
B00300,2026-12-16,Detroit-Indianapolis,Transactional,317,29631,3,732.44,712.79,534.11,1
B00301,2026-01-21,Detroit-Chicago,Strategic,281,20754,1,593.09,608.9,479.66,1
B00302,2026-02-26,Detroit-Cleveland,Core,154,25184,2,379.38,378.27,339.09,1
B00303,2026-03-03,Detroit-Atlanta,Transactional,598,27504,1,1123.56,1098.58,893.09,1
B00304,2026-04-08,Detroit-Toronto,Strategic,210,12391,1,457.36,476.04,416.8,1
B00305,2026-05-13,Detroit-Nashville,Core,528,3064,1,1005.19,1023.84,823.5,1
B00306,2026-06-18,Detroit-Indianapolis,Transactional,318,21158,1,646.5,649.99,513.12,1
B00307,2026-07-23,Detroit-Chicago,Strategic,268,13115,1,555.62,577.59,486.4,1
B00308,2026-08-28,Detroit-Cleveland,Core,181,4693,1,435.06,415.33,353.88,1
B00309,2026-09-05,Detroit-Atlanta,Transactional,827,25596,3,1598.24,1570.19,1145.67,1
B00310,2026-10-10,Detroit-Toronto,Strategic,247,36396,1,555.04,582.33,536.34,1
B00311,2026-11-15,Detroit-Nashville,Core,579,15997,1,1101.34,1128.47,887.24,1
B00312,2026-12-20,Detroit-Indianapolis,Transactional,346,20160,1,784.0,726.33,556.77,0
B00313,2026-01-25,Detroit-Chicago,Strategic,266,17060,2,566.2,602.35,465.18,0
B00314,2026-02-02,Detroit-Cleveland,Core,187,37179,2,476.34,455.76,390.54,1
B00315,2026-03-07,Detroit-Atlanta,Transactional,834,17558,1,1598.07,1571.31,1150.69,1
B00316,2026-04-12,Detroit-Toronto,Strategic,259,37765,1,582.51,628.49,472.41,0
B00317,2026-05-17,Detroit-Nashville,Core,515,16101,1,1011.37,1047.48,806.55,0
B00318,2026-06-22,Detroit-Indianapolis,Transactional,284,28343,1,637.9,592.75,478.94,1
B00319,2026-07-27,Detroit-Chicago,Strategic,267,4410,1,548.82,559.96,469.51,1
B00320,2026-08-04,Detroit-Cleveland,Core,159,19695,2,411.83,404.42,336.75,1
B00321,2026-09-09,Detroit-Atlanta,Transactional,783,7822,1,1425.26,1420.78,1091.9,1
B00322,2026-10-14,Detroit-Toronto,Strategic,235,32716,1,530.65,557.92,436.22,1
B00323,2026-11-19,Detroit-Nashville,Core,552,35912,1,1095.36,1138.68,932.14,1
B00324,2026-12-24,Detroit-Indianapolis,Transactional,256,29591,1,571.13,543.12,461.95,0
B00325,2026-01-01,Detroit-Chicago,Strategic,307,2939,2,666.2,662.92,529.49,0
B00326,2026-02-06,Detroit-Cleveland,Core,166,26175,2,441.14,428.34,350.25,0
B00327,2026-03-11,Detroit-Atlanta,Transactional,671,22287,1,1260.84,1239.55,997.31,1
B00328,2026-04-16,Detroit-Toronto,Strategic,259,33853,1,588.0,598.06,539.6,1
B00329,2026-05-21,Detroit-Nashville,Core,493,35532,1,1012.99,969.62,726.02,1
B00330,2026-06-26,Detroit-Indianapolis,Transactional,283,8609,2,640.64,598.7,469.76,1
B00331,2026-07-03,Detroit-Chicago,Strategic,245,10931,2,512.04,552.19,436.94,0
B00332,2026-08-08,Detroit-Cleveland,Core,172,31252,1,392.59,395.1,351.16,1
B00333,2026-09-13,Detroit-Atlanta,Transactional,720,16871,2,1493.22,1438.79,1029.88,0
B00334,2026-10-18,Detroit-Toronto,Strategic,238,30985,1,546.02,544.35,471.42,1
B00335,2026-11-23,Detroit-Nashville,Core,499,18703,1,960.3,962.65,809.54,0
B00336,2026-12-28,Detroit-Indianapolis,Transactional,305,18695,1,643.49,635.38,473.32,1
B00337,2026-01-05,Detroit-Chicago,Strategic,258,26963,1,496.73,538.89,429.35,1
B00338,2026-02-10,Detroit-Cleveland,Core,171,36027,2,414.15,428.07,363.33,1
B00339,2026-03-15,Detroit-Atlanta,Transactional,717,22851,2,1389.76,1353.58,968.66,1
B00340,2026-04-20,Detroit-Toronto,Strategic,235,2770,1,526.54,563.5,453.07,1
B00341,2026-05-25,Detroit-Nashville,Core,546,34716,3,1226.63,1194.95,832.26,1
B00342,2026-06-02,Detroit-Indianapolis,Transactional,270,24968,1,604.37,560.53,473.36,0
B00343,2026-07-07,Detroit-Chicago,Strategic,281,32641,1,565.3,610.77,485.77,1
B00344,2026-08-12,Detroit-Cleveland,Core,157,17760,2,383.12,393.26,337.7,1
B00345,2026-09-17,Detroit-Atlanta,Transactional,821,23149,2,1721.32,1585.92,1175.05,0
B00346,2026-10-22,Detroit-Toronto,Strategic,259,26664,2,600.2,643.08,507.2,1
B00347,2026-11-27,Detroit-Nashville,Core,516,6631,1,1046.88,1049.05,772.87,1
B00348,2026-12-04,Detroit-Indianapolis,Transactional,248,13682,1,493.83,487.98,409.71,0
B00349,2026-01-09,Detroit-Chicago,Strategic,275,31499,1,557.89,576.46,449.91,1
B00350,2026-02-14,Detroit-Cleveland,Core,187,16379,1,442.36,434.44,349.01,0
B00351,2026-03-19,Detroit-Atlanta,Transactional,636,8067,3,1332.27,1282.25,987.38,1
B00352,2026-04-24,Detroit-Toronto,Strategic,238,17116,1,535.2,570.25,460.19,1
B00353,2026-05-01,Detroit-Nashville,Core,510,21468,1,988.13,979.21,803.83,1
B00354,2026-06-06,Detroit-Indianapolis,Transactional,293,18054,1,621.8,613.59,471.73,0
B00355,2026-07-11,Detroit-Chicago,Strategic,284,9409,1,601.09,607.72,474.54,1
B00356,2026-08-16,Detroit-Cleveland,Core,152,5928,2,386.31,371.53,330.93,1
B00357,2026-09-21,Detroit-Atlanta,Transactional,632,20242,1,1241.72,1216.18,915.06,0
B00358,2026-10-26,Detroit-Toronto,Strategic,256,21553,1,602.75,608.41,470.91,0
B00359,2026-11-03,Detroit-Nashville,Core,555,33832,1,1045.36,1073.5,861.32,0
B00360,2026-12-08,Detroit-Indianapolis,Transactional,312,21968,3,723.36,720.32,525.65,0
B00361,2026-01-13,Detroit-Chicago,Strategic,253,31936,3,611.78,615.94,469.0,1
B00362,2026-02-18,Detroit-Cleveland,Core,162,17310,2,436.24,418.65,370.87,1
B00363,2026-03-23,Detroit-Atlanta,Transactional,620,17059,1,1158.02,1136.97,901.15,0
B00364,2026-04-28,Detroit-Toronto,Strategic,254,23530,1,573.93,579.92,477.79,1
B00365,2026-05-05,Detroit-Nashville,Core,500,32288,1,1034.48,1018.18,772.99,0
B00366,2026-06-10,Detroit-Indianapolis,Transactional,292,21216,1,619.06,608.82,475.69,1
B00367,2026-07-15,Detroit-Chicago,Strategic,245,13116,2,538.5,548.99,445.89,1
B00368,2026-08-20,Detroit-Cleveland,Core,156,34787,1,358.57,347.51,318.56,1
B00369,2026-09-25,Detroit-Atlanta,Transactional,815,34376,3,1675.2,1565.82,1119.66,1
B00370,2026-10-02,Detroit-Toronto,Strategic,188,32661,2,452.04,465.03,400.61,1
B00371,2026-11-07,Detroit-Nashville,Core,473,12805,1,912.35,945.82,750.7,0
B00372,2026-12-12,Detroit-Indianapolis,Transactional,266,9296,1,553.82,543.06,439.25,1
B00373,2026-01-17,Detroit-Chicago,Strategic,252,29995,2,545.94,582.15,441.95,1
B00374,2026-02-22,Detroit-Cleveland,Core,200,23323,3,538.4,512.9,423.9,0
B00375,2026-03-27,Detroit-Atlanta,Transactional,648,37387,1,1295.05,1258.19,969.69,1
B00376,2026-04-04,Detroit-Toronto,Strategic,239,17831,1,558.02,572.51,476.88,0
B00377,2026-05-09,Detroit-Nashville,Core,641,28128,1,1378.61,1323.48,1005.32,1
B00378,2026-06-14,Detroit-Indianapolis,Transactional,271,10952,2,614.42,576.62,477.41,0
B00379,2026-07-19,Detroit-Chicago,Strategic,257,6007,2,557.07,558.64,444.25,1
B00380,2026-08-24,Detroit-Cleveland,Core,168,6095,1,386.88,383.41,336.85,1
B00381,2026-09-01,Detroit-Atlanta,Transactional,703,5203,3,1396.09,1389.36,1036.17,0
B00382,2026-10-06,Detroit-Toronto,Strategic,210,28563,1,490.02,493.25,403.51,1
B00383,2026-11-11,Detroit-Nashville,Core,628,34651,1,1227.07,1241.49,920.6,0
B00384,2026-12-16,Detroit-Indianapolis,Transactional,298,13572,1,629.53,615.36,492.65,1
B00385,2026-01-21,Detroit-Chicago,Strategic,253,25751,1,478.16,515.73,479.64,0
B00386,2026-02-26,Detroit-Cleveland,Core,166,14201,1,360.81,365.59,348.61,1
B00387,2026-03-03,Detroit-Atlanta,Transactional,757,17682,1,1549.9,1463.38,1083.73,0
B00388,2026-04-08,Detroit-Toronto,Strategic,220,10323,3,604.37,603.26,462.83,0
B00389,2026-05-13,Detroit-Nashville,Core,503,30581,2,1046.95,1003.1,775.02,1
B00390,2026-06-18,Detroit-Indianapolis,Transactional,338,3685,1,705.7,689.47,524.09,1
B00391,2026-07-23,Detroit-Chicago,Strategic,259,7899,2,537.92,582.78,475.27,0
B00392,2026-08-28,Detroit-Cleveland,Core,165,19657,3,434.0,449.28,371.95,0
B00393,2026-09-05,Detroit-Atlanta,Transactional,694,26595,1,1296.41,1280.26,1002.87,0
B00394,2026-10-10,Detroit-Toronto,Strategic,222,15520,1,523.36,519.97,457.55,1
B00395,2026-11-15,Detroit-Nashville,Core,573,12290,1,1075.76,1104.75,930.25,0
B00396,2026-12-20,Detroit-Indianapolis,Transactional,296,4104,1,623.12,610.99,452.04,0
B00397,2026-01-25,Detroit-Chicago,Strategic,262,11445,2,575.46,587.88,477.08,1
B00398,2026-02-02,Detroit-Cleveland,Core,168,22096,2,418.32,411.45,338.82,0
B00399,2026-03-07,Detroit-Atlanta,Transactional,673,27213,1,1289.3,1251.88,1005.92,1
B00400,2026-04-12,Detroit-Toronto,Strategic,223,7779,1,507.81,539.67,439.0,0
B00401,2026-05-17,Detroit-Nashville,Core,503,13265,2,1035.01,1023.79,803.06,0
B00402,2026-06-22,Detroit-Indianapolis,Transactional,341,30101,1,776.22,723.1,565.41,1
B00403,2026-07-27,Detroit-Chicago,Strategic,309,32749,1,649.25,659.59,530.04,1
B00404,2026-08-04,Detroit-Cleveland,Core,174,31719,1,397.81,396.76,340.84,0
B00405,2026-09-09,Detroit-Atlanta,Transactional,771,16422,2,1488.84,1465.65,1149.98,1
B00406,2026-10-14,Detroit-Toronto,Strategic,246,18301,1,553.94,594.1,484.33,1
B00407,2026-11-19,Detroit-Nashville,Core,553,32793,2,1125.1,1166.91,865.6,1
B00408,2026-12-24,Detroit-Indianapolis,Transactional,244,37771,1,505.54,478.34,389.57,0
B00409,2026-01-01,Detroit-Chicago,Strategic,282,16109,3,668.97,665.86,504.67,1
B00410,2026-02-06,Detroit-Cleveland,Core,171,35288,1,409.71,397.89,343.46,1
B00411,2026-03-11,Detroit-Atlanta,Transactional,705,13454,1,1403.74,1377.4,980.22,1
B00412,2026-04-16,Detroit-Toronto,Strategic,220,27847,1,507.38,509.78,423.21,1
B00413,2026-05-21,Detroit-Nashville,Core,472,23422,1,931.82,937.5,727.03,0
B00414,2026-06-26,Detroit-Indianapolis,Transactional,283,25700,2,622.11,615.32,475.05,1
B00415,2026-07-03,Detroit-Chicago,Strategic,265,29369,1,536.64,544.26,456.18,1
B00416,2026-08-08,Detroit-Cleveland,Core,152,9898,1,346.89,334.24,314.69,0
B00417,2026-09-13,Detroit-Atlanta,Transactional,728,16396,2,1568.24,1453.77,1032.59,1
B00418,2026-10-18,Detroit-Toronto,Strategic,271,24541,1,624.68,658.28,486.4,0
B00419,2026-11-23,Detroit-Nashville,Core,507,7547,3,1065.65,1081.84,855.84,1
B00420,2026-12-28,Detroit-Indianapolis,Transactional,267,14396,1,556.38,550.62,424.72,0
B00421,2026-01-05,Detroit-Chicago,Strategic,283,31681,1,584.1,600.03,466.85,0
B00422,2026-02-10,Detroit-Cleveland,Core,160,21733,1,351.04,364.21,336.69,0
B00423,2026-03-15,Detroit-Atlanta,Transactional,733,26290,1,1432.75,1431.2,1115.26,0
B00424,2026-04-20,Detroit-Toronto,Strategic,240,3834,1,568.59,577.56,456.38,1
B00425,2026-05-25,Detroit-Nashville,Core,536,20198,2,1059.63,1100.67,867.88,1
B00426,2026-06-02,Detroit-Indianapolis,Transactional,287,35121,2,676.11,641.05,477.29,1
B00427,2026-07-07,Detroit-Chicago,Strategic,281,24143,1,593.43,601.65,457.55,0
B00428,2026-08-12,Detroit-Cleveland,Core,197,24388,1,433.69,442.71,389.09,1
B00429,2026-09-17,Detroit-Atlanta,Transactional,734,10914,2,1468.15,1372.3,1013.09,1
B00430,2026-10-22,Detroit-Toronto,Strategic,252,7762,1,538.77,574.0,484.71,0
B00431,2026-11-27,Detroit-Nashville,Core,539,19022,2,1135.28,1082.76,815.57,0
B00432,2026-12-04,Detroit-Indianapolis,Transactional,256,31142,3,600.72,593.21,460.05,0
B00433,2026-01-09,Detroit-Chicago,Strategic,279,35294,1,532.93,575.47,465.64,1
B00434,2026-02-14,Detroit-Cleveland,Core,145,35819,1,347.3,336.74,302.85,1
B00435,2026-03-19,Detroit-Atlanta,Transactional,715,3432,1,1389.19,1336.37,1006.96,1
B00436,2026-04-24,Detroit-Toronto,Strategic,220,7377,3,601.97,598.18,454.4,0
B00437,2026-05-01,Detroit-Nashville,Core,571,13349,1,1165.39,1167.51,845.08,1
B00438,2026-06-06,Detroit-Indianapolis,Transactional,234,36004,2,535.66,517.12,388.62,0
B00439,2026-07-11,Detroit-Chicago,Strategic,287,7108,2,606.6,635.05,506.84,0
B00440,2026-08-16,Detroit-Cleveland,Core,165,27007,2,392.27,400.79,351.45,1
B00441,2026-09-21,Detroit-Atlanta,Transactional,757,15840,1,1492.83,1416.23,1091.68,0
B00442,2026-10-26,Detroit-Toronto,Strategic,247,13252,1,579.85,590.77,454.81,0
B00443,2026-11-03,Detroit-Nashville,Core,570,10468,1,1136.29,1109.25,863.84,1
B00444,2026-12-08,Detroit-Indianapolis,Transactional,270,24399,1,569.77,540.53,509.33,0
B00445,2026-01-13,Detroit-Chicago,Strategic,264,4061,1,548.18,556.92,447.89,1
B00446,2026-02-18,Detroit-Cleveland,Core,180,26617,3,520.17,495.54,375.98,1
B00447,2026-03-23,Detroit-Atlanta,Transactional,725,9750,2,1462.09,1380.41,1077.59,1
B00448,2026-04-28,Detroit-Toronto,Strategic,244,10514,1,510.43,553.45,483.14,0
B00449,2026-05-05,Detroit-Nashville,Core,480,11042,1,950.99,962.09,771.34,0
B00450,2026-06-10,Detroit-Indianapolis,Transactional,295,23289,2,658.14,632.08,475.35,1
B00451,2026-07-15,Detroit-Chicago,Strategic,293,16746,1,573.27,621.12,494.24,1
B00452,2026-08-20,Detroit-Cleveland,Core,181,19845,2,451.94,452.36,361.76,0
B00453,2026-09-25,Detroit-Atlanta,Transactional,726,24530,2,1442.47,1439.7,1104.45,1
B00454,2026-10-02,Detroit-Toronto,Strategic,234,3550,2,598.75,598.71,507.88,1
B00455,2026-11-07,Detroit-Nashville,Core,559,31313,1,1164.77,1151.33,893.58,1
B00456,2026-12-12,Detroit-Indianapolis,Transactional,299,34163,1,618.13,613.41,495.38,0
B00457,2026-01-17,Detroit-Chicago,Strategic,294,15010,1,562.39,595.88,487.98,0
B00458,2026-02-22,Detroit-Cleveland,Core,189,23976,2,461.2,470.33,421.45,0
B00459,2026-03-27,Detroit-Atlanta,Transactional,660,25055,1,1310.96,1250.25,902.16,0
B00460,2026-04-04,Detroit-Toronto,Strategic,238,22085,1,545.21,551.36,447.55,1
B00461,2026-05-09,Detroit-Nashville,Core,555,24964,1,1155.39,1144.57,936.57,1
B00462,2026-06-14,Detroit-Indianapolis,Transactional,279,12695,3,678.96,649.66,544.47,0
B00463,2026-07-19,Detroit-Chicago,Strategic,269,10568,1,544.83,579.74,467.89,1
B00464,2026-08-24,Detroit-Cleveland,Core,189,3466,1,438.1,429.67,359.56,0
B00465,2026-09-01,Detroit-Atlanta,Transactional,743,19482,3,1450.94,1422.84,1159.95,1
B00466,2026-10-06,Detroit-Toronto,Strategic,229,23295,1,502.08,540.93,491.48,0
B00467,2026-11-11,Detroit-Nashville,Core,557,8530,1,1127.14,1100.2,857.09,1
B00468,2026-12-16,Detroit-Indianapolis,Transactional,291,34616,3,663.54,641.32,498.05,0
B00469,2026-01-21,Detroit-Chicago,Strategic,236,24608,1,495.69,501.92,428.69,0
B00470,2026-02-26,Detroit-Cleveland,Core,175,4511,2,424.75,430.92,350.25,0
B00471,2026-03-03,Detroit-Atlanta,Transactional,634,16405,1,1239.65,1157.07,927.03,1
B00472,2026-04-08,Detroit-Toronto,Strategic,222,13860,1,505.3,509.81,440.07,0
B00473,2026-05-13,Detroit-Nashville,Core,586,19080,1,1175.12,1218.4,845.92,1
B00474,2026-06-18,Detroit-Indianapolis,Transactional,264,34315,2,585.82,573.11,451.96,1
B00475,2026-07-23,Detroit-Chicago,Strategic,272,21341,1,555.83,561.24,442.79,1
B00476,2026-08-28,Detroit-Cleveland,Core,135,20663,1,303.74,299.32,292.95,1
B00477,2026-09-05,Detroit-Atlanta,Transactional,653,8379,1,1191.0,1195.74,991.21,1
B00478,2026-10-10,Detroit-Toronto,Strategic,246,27812,1,563.39,559.81,459.0,0
B00479,2026-11-15,Detroit-Nashville,Core,550,18903,1,1152.33,1111.04,864.34,0
B00480,2026-12-20,Detroit-Indianapolis,Transactional,248,36730,1,533.75,501.36,403.91,1
B00481,2026-01-25,Detroit-Chicago,Strategic,241,3879,2,561.01,561.33,431.86,1
B00482,2026-02-02,Detroit-Cleveland,Core,143,37782,2,383.16,368.37,318.86,0
B00483,2026-03-07,Detroit-Atlanta,Transactional,700,31932,1,1393.59,1304.86,1040.54,0
B00484,2026-04-12,Detroit-Toronto,Strategic,225,22171,2,522.91,567.06,465.64,1
B00485,2026-05-17,Detroit-Nashville,Core,580,3116,1,1161.71,1194.41,872.28,1
B00486,2026-06-22,Detroit-Indianapolis,Transactional,273,30232,1,546.86,540.69,445.67,1
B00487,2026-07-27,Detroit-Chicago,Strategic,268,12599,1,577.89,577.25,454.23,1
B00488,2026-08-04,Detroit-Cleveland,Core,163,14964,1,373.84,369.9,339.71,1
B00489,2026-09-09,Detroit-Atlanta,Transactional,721,33067,1,1355.42,1315.47,1041.98,0
B00490,2026-10-14,Detroit-Toronto,Strategic,232,37767,3,626.87,632.75,499.7,1
B00491,2026-11-19,Detroit-Nashville,Core,403,21536,1,789.62,799.21,638.54,1
B00492,2026-12-24,Detroit-Indianapolis,Transactional,284,10464,1,581.66,565.65,475.79,0
B00493,2026-01-01,Detroit-Chicago,Strategic,275,30232,2,551.33,595.27,549.26,1
B00494,2026-02-06,Detroit-Cleveland,Core,178,29651,2,440.49,456.12,369.17,1
B00495,2026-03-11,Detroit-Atlanta,Transactional,624,26358,1,1182.65,1159.83,866.54,0
B00496,2026-04-16,Detroit-Toronto,Strategic,219,16771,2,510.48,546.77,428.42,1
B00497,2026-05-21,Detroit-Nashville,Core,550,15137,1,1105.36,1085.51,793.07,1
B00498,2026-06-26,Detroit-Indianapolis,Transactional,277,5693,2,659.73,608.8,468.46,1
B00499,2026-07-03,Detroit-Chicago,Strategic,272,13325,1,544.39,553.03,453.89,0
B00500,2026-08-08,Detroit-Cleveland,Core,176,18850,2,460.08,446.76,349.01,0
B00501,2026-09-13,Detroit-Atlanta,Transactional,753,29935,1,1581.48,1471.19,1047.47,0
B00502,2026-10-18,Detroit-Toronto,Strategic,205,5759,1,469.09,490.79,399.49,1
B00503,2026-11-23,Detroit-Nashville,Core,626,5008,1,1351.08,1292.07,989.97,0
B00504,2026-12-28,Detroit-Indianapolis,Transactional,276,14750,1,601.89,561.61,483.21,0
B00505,2026-01-05,Detroit-Chicago,Strategic,274,31916,2,565.33,603.95,470.04,1
B00506,2026-02-10,Detroit-Cleveland,Core,140,12259,2,350.69,354.13,367.45,1
B00507,2026-03-15,Detroit-Atlanta,Transactional,649,15380,1,1319.18,1256.69,871.81,0
B00508,2026-04-20,Detroit-Toronto,Strategic,212,9877,1,503.99,519.68,430.97,0
B00509,2026-05-25,Detroit-Nashville,Core,484,37246,3,1010.6,1030.27,785.45,0
B00510,2026-06-02,Detroit-Indianapolis,Transactional,249,14595,3,583.05,559.38,464.06,0
B00511,2026-07-07,Detroit-Chicago,Strategic,297,20511,1,590.59,614.87,504.72,1
B00512,2026-08-12,Detroit-Cleveland,Core,164,10488,1,379.13,373.09,326.83,1
B00513,2026-09-17,Detroit-Atlanta,Transactional,845,7143,2,1777.49,1660.83,1214.02,1
B00514,2026-10-22,Detroit-Toronto,Strategic,227,37387,2,547.93,555.54,444.96,1
B00515,2026-11-27,Detroit-Nashville,Core,558,17111,1,1138.48,1158.76,862.22,1
B00516,2026-12-04,Detroit-Indianapolis,Transactional,266,3288,1,580.38,562.23,440.8,0
B00517,2026-01-09,Detroit-Chicago,Strategic,264,15368,1,563.65,568.67,453.32,1
B00518,2026-02-14,Detroit-Cleveland,Core,180,34510,1,409.15,410.29,347.1,1
B00519,2026-03-19,Detroit-Atlanta,Transactional,715,28602,1,1502.09,1394.02,1039.89,1
B00520,2026-04-24,Detroit-Toronto,Strategic,218,22820,3,579.23,578.08,437.65,0
B00521,2026-05-01,Detroit-Nashville,Core,535,19097,1,1108.97,1089.06,848.56,0
B00522,2026-06-06,Detroit-Indianapolis,Transactional,281,22462,2,606.24,607.51,515.61,1
B00523,2026-07-11,Detroit-Chicago,Strategic,284,5233,1,587.93,587.82,480.45,1
B00524,2026-08-16,Detroit-Cleveland,Core,181,9569,1,443.51,426.43,361.59,0
B00525,2026-09-21,Detroit-Atlanta,Transactional,809,6493,1,1624.2,1548.8,1211.6,0
B00526,2026-10-26,Detroit-Toronto,Strategic,198,18509,1,441.17,472.92,371.93,1
B00527,2026-11-03,Detroit-Nashville,Core,516,14344,3,1071.71,1071.64,872.74,1
B00528,2026-12-08,Detroit-Indianapolis,Transactional,278,30116,1,589.6,587.5,436.42,0
B00529,2026-01-13,Detroit-Chicago,Strategic,288,35149,1,578.07,624.11,473.38,1
B00530,2026-02-18,Detroit-Cleveland,Core,173,8068,2,438.6,433.35,338.79,0
B00531,2026-03-23,Detroit-Atlanta,Transactional,819,25030,2,1598.66,1587.51,1100.19,1
B00532,2026-04-28,Detroit-Toronto,Strategic,246,5268,1,554.19,577.43,469.92,1
B00533,2026-05-05,Detroit-Nashville,Core,499,12702,1,1050.82,1035.55,820.63,1
B00534,2026-06-10,Detroit-Indianapolis,Transactional,311,22777,2,725.62,679.14,531.56,0
B00535,2026-07-15,Detroit-Chicago,Strategic,306,9051,2,664.03,694.75,539.32,0
B00536,2026-08-20,Detroit-Cleveland,Core,178,30578,1,400.52,397.86,334.75,0
B00537,2026-09-25,Detroit-Atlanta,Transactional,657,27871,1,1303.08,1269.29,936.58,0
B00538,2026-10-02,Detroit-Toronto,Strategic,251,14219,1,552.37,591.91,477.06,0
B00539,2026-11-07,Detroit-Nashville,Core,512,31680,1,1077.38,1037.67,797.15,1
B00540,2026-12-12,Detroit-Indianapolis,Transactional,271,29717,1,587.43,570.17,466.14,1
B00541,2026-01-17,Detroit-Chicago,Strategic,266,27075,2,558.66,598.31,465.59,0
B00542,2026-02-22,Detroit-Cleveland,Core,161,4749,1,357.51,369.26,322.55,1
B00543,2026-03-27,Detroit-Atlanta,Transactional,799,6316,2,1563.91,1548.72,1081.0,1
B00544,2026-04-04,Detroit-Toronto,Strategic,273,34883,1,598.17,633.37,534.75,1
B00545,2026-05-09,Detroit-Nashville,Core,489,18438,2,995.87,1023.46,786.93,1
B00546,2026-06-14,Detroit-Indianapolis,Transactional,280,33152,1,560.05,550.26,436.17,1
B00547,2026-07-19,Detroit-Chicago,Strategic,241,17840,2,514.82,530.39,423.75,1
B00548,2026-08-24,Detroit-Cleveland,Core,164,5570,1,385.87,369.21,334.06,0
B00549,2026-09-01,Detroit-Atlanta,Transactional,819,9743,1,1559.28,1544.39,1160.95,0
B00550,2026-10-06,Detroit-Toronto,Strategic,261,34133,1,617.41,632.42,480.08,1
B00551,2026-11-11,Detroit-Nashville,Core,512,31608,2,1010.62,1041.78,846.31,1
B00552,2026-12-16,Detroit-Indianapolis,Transactional,219,7773,3,518.33,519.34,414.41,0
B00553,2026-01-21,Detroit-Chicago,Strategic,302,14413,1,619.18,620.52,517.23,0
B00554,2026-02-26,Detroit-Cleveland,Core,151,25451,2,383.27,381.16,328.89,0
B00555,2026-03-03,Detroit-Atlanta,Transactional,834,10153,2,1634.85,1542.76,1183.44,0
B00556,2026-04-08,Detroit-Toronto,Strategic,246,10477,1,600.8,600.44,490.44,1
B00557,2026-05-13,Detroit-Nashville,Core,523,17454,1,1033.63,1063.09,838.12,1
B00558,2026-06-18,Detroit-Indianapolis,Transactional,272,31449,1,562.98,553.11,432.92,1
B00559,2026-07-23,Detroit-Chicago,Strategic,270,34558,1,525.92,563.24,446.88,1
B00560,2026-08-28,Detroit-Cleveland,Core,166,8163,1,380.57,375.12,341.09,1
B00561,2026-09-05,Detroit-Atlanta,Transactional,760,16063,1,1439.44,1410.09,1093.48,0
B00562,2026-10-10,Detroit-Toronto,Strategic,224,6524,1,493.8,509.36,426.13,1
B00563,2026-11-15,Detroit-Nashville,Core,504,16614,1,970.32,996.14,763.16,1
B00564,2026-12-20,Detroit-Indianapolis,Transactional,257,36896,2,582.54,571.52,427.37,1
B00565,2026-01-25,Detroit-Chicago,Strategic,258,34211,1,546.35,557.24,484.74,1
B00566,2026-02-02,Detroit-Cleveland,Core,154,8487,1,359.38,343.22,318.63,1
B00567,2026-03-07,Detroit-Atlanta,Transactional,604,36034,1,1178.04,1121.07,875.38,0
B00568,2026-04-12,Detroit-Toronto,Strategic,255,14310,1,577.32,610.83,521.56,1
B00569,2026-05-17,Detroit-Nashville,Core,540,16415,1,1127.07,1105.37,866.4,0
B00570,2026-06-22,Detroit-Indianapolis,Transactional,299,29927,1,632.59,623.46,475.55,0
B00571,2026-07-27,Detroit-Chicago,Strategic,265,3434,1,554.06,549.98,436.82,1
B00572,2026-08-04,Detroit-Cleveland,Core,155,37746,1,369.83,357.86,311.92,1
B00573,2026-09-09,Detroit-Atlanta,Transactional,671,19470,2,1315.97,1314.38,977.52,1
B00574,2026-10-14,Detroit-Toronto,Strategic,233,28441,1,541.1,542.1,440.18,1
B00575,2026-11-19,Detroit-Nashville,Core,579,11444,2,1119.71,1150.88,919.79,1
B00576,2026-12-24,Detroit-Indianapolis,Transactional,272,25457,1,589.35,545.53,455.22,0
B00577,2026-01-01,Detroit-Chicago,Strategic,281,7716,2,591.22,606.02,553.33,0
B00578,2026-02-06,Detroit-Cleveland,Core,182,24144,1,428.61,426.84,354.84,1
B00579,2026-03-11,Detroit-Atlanta,Transactional,758,30852,1,1422.43,1394.75,1084.16,0
B00580,2026-04-16,Detroit-Toronto,Strategic,232,7981,1,532.08,558.2,490.9,0
B00581,2026-05-21,Detroit-Nashville,Core,506,12444,1,987.52,1015.02,761.93,0
B00582,2026-06-26,Detroit-Indianapolis,Transactional,296,6112,1,595.6,594.15,478.83,0
B00583,2026-07-03,Detroit-Chicago,Strategic,317,9367,1,653.16,680.52,493.86,1
B00584,2026-08-08,Detroit-Cleveland,Core,177,37861,1,414.67,394.98,358.66,0
B00585,2026-09-13,Detroit-Atlanta,Transactional,786,8899,1,1546.05,1493.64,1094.66,0
B00586,2026-10-18,Detroit-Toronto,Strategic,284,7858,1,645.76,677.84,524.19,1
B00587,2026-11-23,Detroit-Nashville,Core,525,24310,1,1065.13,1082.0,857.43,0
B00588,2026-12-28,Detroit-Indianapolis,Transactional,287,12830,1,631.33,592.58,445.27,1
B00589,2026-01-05,Detroit-Chicago,Strategic,305,22119,2,658.57,667.85,523.47,0
B00590,2026-02-10,Detroit-Cleveland,Core,163,21013,1,398.06,382.27,329.76,1
B00591,2026-03-15,Detroit-Atlanta,Transactional,811,16955,1,1582.38,1472.78,1059.63,1
B00592,2026-04-20,Detroit-Toronto,Strategic,226,16742,2,516.96,555.41,460.18,1
B00593,2026-05-25,Detroit-Nashville,Core,566,22849,1,1103.27,1117.44,901.82,1
B00594,2026-06-02,Detroit-Indianapolis,Transactional,282,15337,1,621.23,583.91,484.98,1
B00595,2026-07-07,Detroit-Chicago,Strategic,271,31910,1,531.51,571.66,470.59,1
B00596,2026-08-12,Detroit-Cleveland,Core,176,19277,2,432.27,426.25,366.88,1
B00597,2026-09-17,Detroit-Atlanta,Transactional,779,19589,1,1601.54,1522.68,1043.05,1
B00598,2026-10-22,Detroit-Toronto,Strategic,217,12372,3,564.58,589.56,451.51,1
B00599,2026-11-27,Detroit-Nashville,Core,595,28771,2,1204.8,1194.49,925.65,0
B00600,2026-12-04,Detroit-Indianapolis,Transactional,284,17272,2,601.11,591.68,469.59,1
B00601,2026-01-09,Detroit-Chicago,Strategic,306,19910,1,603.59,631.83,509.11,1
B00602,2026-02-14,Detroit-Cleveland,Core,170,20993,1,373.44,379.25,338.96,0
B00603,2026-03-19,Detroit-Atlanta,Transactional,721,8992,3,1474.12,1418.26,1029.92,1
B00604,2026-04-24,Detroit-Toronto,Strategic,221,31448,1,505.96,539.92,427.06,1
B00605,2026-05-01,Detroit-Nashville,Core,541,37862,2,1091.42,1118.97,795.76,1
B00606,2026-06-06,Detroit-Indianapolis,Transactional,287,19900,3,657.16,636.05,500.93,1
B00607,2026-07-11,Detroit-Chicago,Strategic,244,19876,1,497.45,513.96,407.55,1
B00608,2026-08-16,Detroit-Cleveland,Core,138,10637,1,302.76,304.96,286.75,0
B00609,2026-09-21,Detroit-Atlanta,Transactional,805,24392,1,1620.13,1492.18,1168.02,0
B00610,2026-10-26,Detroit-Toronto,Strategic,237,21838,1,518.49,543.25,423.69,0
B00611,2026-11-03,Detroit-Nashville,Core,581,13871,3,1216.2,1226.56,932.97,1
B00612,2026-12-08,Detroit-Indianapolis,Transactional,290,8213,1,597.82,586.89,459.24,1
B00613,2026-01-13,Detroit-Chicago,Strategic,305,33659,1,631.95,658.65,503.36,1
B00614,2026-02-18,Detroit-Cleveland,Core,162,15571,1,348.45,356.52,330.81,1
B00615,2026-03-23,Detroit-Atlanta,Transactional,677,31501,1,1350.96,1320.04,985.8,0
B00616,2026-04-28,Detroit-Toronto,Strategic,217,7283,1,502.46,501.68,408.23,0
B00617,2026-05-05,Detroit-Nashville,Core,461,34058,1,943.16,940.56,750.12,0
B00618,2026-06-10,Detroit-Indianapolis,Transactional,323,24570,1,681.06,638.64,516.83,0
B00619,2026-07-15,Detroit-Chicago,Strategic,286,10599,1,624.52,620.72,464.85,0
B00620,2026-08-20,Detroit-Cleveland,Core,137,10091,1,306.81,307.44,291.92,1
B00621,2026-09-25,Detroit-Atlanta,Transactional,700,21485,2,1355.81,1328.98,968.94,0
B00622,2026-10-02,Detroit-Toronto,Strategic,249,26581,1,550.36,591.74,477.29,1
B00623,2026-11-07,Detroit-Nashville,Core,556,35780,2,1092.26,1103.61,842.57,0
B00624,2026-12-12,Detroit-Indianapolis,Transactional,278,21561,1,601.32,556.52,452.27,1
B00625,2026-01-17,Detroit-Chicago,Strategic,274,31088,1,549.0,566.06,467.64,1
B00626,2026-02-22,Detroit-Cleveland,Core,159,9715,1,380.64,376.13,318.7,1
B00627,2026-03-27,Detroit-Atlanta,Transactional,584,20391,1,1108.54,1070.88,802.78,0
B00628,2026-04-04,Detroit-Toronto,Strategic,213,13187,1,453.52,491.34,421.98,1
B00629,2026-05-09,Detroit-Nashville,Core,520,12939,3,1083.77,1107.04,857.37,0
B00630,2026-06-14,Detroit-Indianapolis,Transactional,252,34803,1,565.37,531.8,437.93,0
B00631,2026-07-19,Detroit-Chicago,Strategic,266,34662,3,609.63,623.94,573.31,0
B00632,2026-08-24,Detroit-Cleveland,Core,172,3210,1,388.52,399.43,334.36,0
B00633,2026-09-01,Detroit-Atlanta,Transactional,662,27970,1,1307.76,1214.88,906.77,0
B00634,2026-10-06,Detroit-Toronto,Strategic,231,3084,1,505.07,530.41,431.03,1
B00635,2026-11-11,Detroit-Nashville,Core,534,15965,1,1020.23,1036.7,838.49,0
B00636,2026-12-16,Detroit-Indianapolis,Transactional,267,14175,2,581.19,574.44,436.05,1
B00637,2026-01-21,Detroit-Chicago,Strategic,281,15755,1,548.74,594.23,461.86,0
B00638,2026-02-26,Detroit-Cleveland,Core,158,24456,2,379.18,385.46,366.29,1
B00639,2026-03-03,Detroit-Atlanta,Transactional,706,10931,2,1358.06,1336.36,941.23,1
B00640,2026-04-08,Detroit-Toronto,Strategic,245,17364,2,620.43,622.26,489.77,1
B00641,2026-05-13,Detroit-Nashville,Core,576,22653,1,1160.04,1197.94,856.47,0
B00642,2026-06-18,Detroit-Indianapolis,Transactional,293,20521,1,632.62,582.61,473.36,0
B00643,2026-07-23,Detroit-Chicago,Strategic,301,33510,2,646.3,671.06,506.76,1
B00644,2026-08-28,Detroit-Cleveland,Core,174,22102,1,412.52,397.98,358.94,1
B00645,2026-09-05,Detroit-Atlanta,Transactional,770,29712,1,1535.75,1495.78,1139.15,0
B00646,2026-10-10,Detroit-Toronto,Strategic,245,7262,1,560.98,578.81,461.53,0
B00647,2026-11-15,Detroit-Nashville,Core,480,17267,1,941.05,970.45,710.96,1
B00648,2026-12-20,Detroit-Indianapolis,Transactional,301,23633,3,682.86,684.38,558.66,0
B00649,2026-01-25,Detroit-Chicago,Strategic,272,12352,1,550.81,564.23,453.68,1
B00650,2026-02-02,Detroit-Cleveland,Core,169,34696,2,440.7,426.11,350.17,1
B00651,2026-03-07,Detroit-Atlanta,Transactional,730,20125,1,1408.92,1402.34,1060.95,1
B00652,2026-04-12,Detroit-Toronto,Strategic,227,13871,1,508.79,543.65,439.74,1
B00653,2026-05-17,Detroit-Nashville,Core,508,12441,3,1174.95,1119.21,853.55,1
B00654,2026-06-22,Detroit-Indianapolis,Transactional,291,18837,1,611.83,607.03,457.42,0
B00655,2026-07-27,Detroit-Chicago,Strategic,259,27580,1,492.34,532.24,422.39,1
B00656,2026-08-04,Detroit-Cleveland,Core,168,27201,3,425.95,439.07,366.06,1
B00657,2026-09-09,Detroit-Atlanta,Transactional,676,13166,1,1380.51,1270.93,935.46,1
B00658,2026-10-14,Detroit-Toronto,Strategic,246,21250,2,611.4,608.88,500.22,1
B00659,2026-11-19,Detroit-Nashville,Core,583,8536,2,1169.68,1197.52,878.36,1
B00660,2026-12-24,Detroit-Indianapolis,Transactional,262,3589,2,575.03,561.74,454.09,0
B00661,2026-01-01,Detroit-Chicago,Strategic,263,12525,1,517.81,543.55,447.98,0
B00662,2026-02-06,Detroit-Cleveland,Core,174,34432,2,437.85,429.66,353.63,1
B00663,2026-03-11,Detroit-Atlanta,Transactional,809,20139,1,1695.95,1581.12,1144.31,0
B00664,2026-04-16,Detroit-Toronto,Strategic,234,3375,1,517.9,544.3,492.0,0
B00665,2026-05-21,Detroit-Nashville,Core,518,35447,1,1010.68,1003.09,792.12,1
B00666,2026-06-26,Detroit-Indianapolis,Transactional,309,3945,1,674.28,654.35,556.63,0
B00667,2026-07-03,Detroit-Chicago,Strategic,267,22812,1,539.38,553.77,459.61,1
B00668,2026-08-08,Detroit-Cleveland,Core,183,19881,2,466.92,464.13,388.49,1
B00669,2026-09-13,Detroit-Atlanta,Transactional,754,29379,2,1497.64,1408.51,1088.24,0
B00670,2026-10-18,Detroit-Toronto,Strategic,227,29259,1,543.6,550.05,408.4,1
B00671,2026-11-23,Detroit-Nashville,Core,602,28013,1,1235.4,1189.67,908.34,0
B00672,2026-12-28,Detroit-Indianapolis,Transactional,311,15288,2,654.87,652.45,519.21,1
B00673,2026-01-05,Detroit-Chicago,Strategic,296,13964,1,613.54,619.48,471.31,1
B00674,2026-02-10,Detroit-Cleveland,Core,174,36337,2,468.64,446.64,395.42,1
B00675,2026-03-15,Detroit-Atlanta,Transactional,694,10397,1,1399.43,1296.41,1035.2,1
B00676,2026-04-20,Detroit-Toronto,Strategic,226,11254,1,522.7,532.16,434.76,0
B00677,2026-05-25,Detroit-Nashville,Core,540,17605,1,1080.41,1041.8,824.23,1
B00678,2026-06-02,Detroit-Indianapolis,Transactional,270,35734,1,586.49,539.81,425.07,0
B00679,2026-07-07,Detroit-Chicago,Strategic,323,35480,1,650.4,685.23,525.56,0
B00680,2026-08-12,Detroit-Cleveland,Core,156,7203,1,348.84,343.25,321.85,1
B00681,2026-09-17,Detroit-Atlanta,Transactional,718,14254,2,1329.98,1333.97,1104.42,1
B00682,2026-10-22,Detroit-Toronto,Strategic,222,35431,1,514.02,533.73,436.55,1
B00683,2026-11-27,Detroit-Nashville,Core,513,33917,1,1035.14,1024.14,829.72,0
B00684,2026-12-04,Detroit-Indianapolis,Transactional,282,22103,1,597.77,587.89,467.17,1
B00685,2026-01-09,Detroit-Chicago,Strategic,306,31400,1,644.12,648.0,506.26,1
B00686,2026-02-14,Detroit-Cleveland,Core,179,29140,2,450.9,454.86,362.76,1
B00687,2026-03-19,Detroit-Atlanta,Transactional,666,34936,1,1335.55,1251.19,992.68,0
B00688,2026-04-24,Detroit-Toronto,Strategic,239,29606,2,567.42,595.54,458.61,1
B00689,2026-05-01,Detroit-Nashville,Core,574,27011,1,1179.33,1173.3,821.95,1
B00690,2026-06-06,Detroit-Indianapolis,Transactional,284,25108,2,629.39,613.58,463.51,0
B00691,2026-07-11,Detroit-Chicago,Strategic,283,3420,1,556.09,597.8,490.61,1
B00692,2026-08-16,Detroit-Cleveland,Core,161,16900,1,357.83,361.12,327.51,0
B00693,2026-09-21,Detroit-Atlanta,Transactional,703,31038,1,1463.17,1364.49,1014.93,0
B00694,2026-10-26,Detroit-Toronto,Strategic,215,21722,1,483.06,488.75,421.13,1
B00695,2026-11-03,Detroit-Nashville,Core,544,36129,2,1119.65,1093.91,828.91,1
B00696,2026-12-08,Detroit-Indianapolis,Transactional,312,12579,2,689.95,669.36,513.97,1
B00697,2026-01-13,Detroit-Chicago,Strategic,273,5028,1,521.83,557.16,511.9,1
B00698,2026-02-18,Detroit-Cleveland,Core,181,27811,1,403.32,400.38,364.16,0
B00699,2026-03-23,Detroit-Atlanta,Transactional,714,30748,2,1522.49,1417.66,1062.3,1
B00700,2026-04-28,Detroit-Toronto,Strategic,251,36873,3,631.87,655.97,497.68,0
B00701,2026-05-05,Detroit-Nashville,Core,535,4093,1,1041.69,1053.2,845.5,0
B00702,2026-06-10,Detroit-Indianapolis,Transactional,321,15361,1,679.52,637.82,493.66,0
B00703,2026-07-15,Detroit-Chicago,Strategic,252,24834,1,507.4,544.76,428.69,0
B00704,2026-08-20,Detroit-Cleveland,Core,172,8002,1,408.88,402.89,325.5,1
B00705,2026-09-25,Detroit-Atlanta,Transactional,811,24527,1,1554.55,1533.65,1075.53,1
B00706,2026-10-02,Detroit-Toronto,Strategic,285,12952,1,642.25,676.58,501.83,1
B00707,2026-11-07,Detroit-Nashville,Core,539,12894,1,1131.74,1091.2,836.87,1
B00708,2026-12-12,Detroit-Indianapolis,Transactional,274,37235,1,572.5,537.94,454.16,0
B00709,2026-01-17,Detroit-Chicago,Strategic,273,11137,1,569.76,595.04,459.3,1
B00710,2026-02-22,Detroit-Cleveland,Core,187,35766,1,450.94,430.65,356.41,0
B00711,2026-03-27,Detroit-Atlanta,Transactional,729,27832,2,1489.88,1381.34,1072.38,0
B00712,2026-04-04,Detroit-Toronto,Strategic,224,11111,1,522.39,525.64,423.67,0
B00713,2026-05-09,Detroit-Nashville,Core,563,25740,1,1102.61,1119.47,840.78,1
B00714,2026-06-14,Detroit-Indianapolis,Transactional,255,13653,2,571.6,573.45,440.63,1
B00715,2026-07-19,Detroit-Chicago,Strategic,303,35650,1,609.71,632.03,494.77,1
B00716,2026-08-24,Detroit-Cleveland,Core,182,9973,1,431.67,420.7,344.39,1
B00717,2026-09-01,Detroit-Atlanta,Transactional,744,28361,1,1545.97,1448.84,998.09,0
B00718,2026-10-06,Detroit-Toronto,Strategic,219,24281,1,530.24,528.54,422.21,1
B00719,2026-11-11,Detroit-Nashville,Core,570,12930,1,1151.94,1128.39,900.74,1
B00720,2026-12-16,Detroit-Indianapolis,Transactional,261,17547,1,560.89,522.15,438.22,0
B00721,2026-01-21,Detroit-Chicago,Strategic,275,23407,2,557.11,598.01,491.67,1
B00722,2026-02-26,Detroit-Cleveland,Core,161,19018,1,367.06,353.74,331.16,1
B00723,2026-03-03,Detroit-Atlanta,Transactional,736,19392,1,1461.97,1386.06,1020.45,1
B00724,2026-04-08,Detroit-Toronto,Strategic,222,33517,1,493.58,515.6,452.13,1
B00725,2026-05-13,Detroit-Nashville,Core,515,4127,1,984.58,1021.75,813.25,0
B00726,2026-06-18,Detroit-Indianapolis,Transactional,288,6018,1,576.58,567.43,456.63,0
B00727,2026-07-23,Detroit-Chicago,Strategic,252,21445,1,530.8,532.43,432.5,1
B00728,2026-08-28,Detroit-Cleveland,Core,178,14795,3,465.32,473.64,383.02,1
B00729,2026-09-05,Detroit-Atlanta,Transactional,621,14921,1,1162.17,1140.16,922.7,1
B00730,2026-10-10,Detroit-Toronto,Strategic,271,23193,1,607.86,638.0,496.71,1
B00731,2026-11-15,Detroit-Nashville,Core,501,20887,1,1007.67,1009.13,747.95,1
B00732,2026-12-20,Detroit-Indianapolis,Transactional,251,30289,2,561.01,528.07,503.08,1
B00733,2026-01-25,Detroit-Chicago,Strategic,248,21658,1,485.32,523.43,432.76,1
B00734,2026-02-02,Detroit-Cleveland,Core,154,2883,1,382.3,364.77,317.06,1
B00735,2026-03-07,Detroit-Atlanta,Transactional,609,11105,1,1182.11,1140.35,825.19,0
B00736,2026-04-12,Detroit-Toronto,Strategic,220,26431,1,517.7,522.88,424.02,1
B00737,2026-05-17,Detroit-Nashville,Core,485,28470,1,1029.41,981.61,709.67,0
B00738,2026-06-22,Detroit-Indianapolis,Transactional,220,28102,2,495.39,485.4,396.27,1
B00739,2026-07-27,Detroit-Chicago,Strategic,258,27135,3,588.97,625.57,440.3,0
B00740,2026-08-04,Detroit-Cleveland,Core,169,16523,1,413.36,399.63,324.61,1
B00741,2026-09-09,Detroit-Atlanta,Transactional,731,22509,1,1406.39,1355.87,1032.81,1
B00742,2026-10-14,Detroit-Toronto,Strategic,253,17134,1,559.03,582.84,485.03,1
B00743,2026-11-19,Detroit-Nashville,Core,527,5884,1,1017.53,1053.35,761.57,1
B00744,2026-12-24,Detroit-Indianapolis,Transactional,277,18486,2,613.19,577.66,472.23,1
B00745,2026-01-01,Detroit-Chicago,Strategic,295,12886,2,594.83,638.94,526.13,1
B00746,2026-02-06,Detroit-Cleveland,Core,171,28777,2,440.15,430.78,366.08,0
B00747,2026-03-11,Detroit-Atlanta,Transactional,750,13553,1,1501.59,1449.43,1014.53,1
B00748,2026-04-16,Detroit-Toronto,Strategic,245,28562,2,620.79,623.72,489.35,1
B00749,2026-05-21,Detroit-Nashville,Core,590,31410,1,1220.19,1208.38,916.54,1
B00750,2026-06-26,Detroit-Indianapolis,Transactional,309,33704,1,646.99,623.58,475.11,0
B00751,2026-07-03,Detroit-Chicago,Strategic,272,19714,1,541.55,553.72,434.42,1
B00752,2026-08-08,Detroit-Cleveland,Core,166,23238,1,368.74,380.35,319.35,0
B00753,2026-09-13,Detroit-Atlanta,Transactional,719,36289,1,1357.13,1362.18,1023.1,1
B00754,2026-10-18,Detroit-Toronto,Strategic,242,32389,3,630.51,645.93,494.84,1
B00755,2026-11-23,Detroit-Nashville,Core,505,3256,1,942.15,979.51,781.45,0
B00756,2026-12-28,Detroit-Indianapolis,Transactional,253,28733,1,559.51,516.4,414.09,1
B00757,2026-01-05,Detroit-Chicago,Strategic,255,11183,3,578.43,611.81,453.59,1
B00758,2026-02-10,Detroit-Cleveland,Core,144,29496,2,368.74,366.98,313.17,1
B00759,2026-03-15,Detroit-Atlanta,Transactional,651,10747,1,1195.68,1188.27,909.28,1
B00760,2026-04-20,Detroit-Toronto,Strategic,234,33108,1,531.16,562.17,460.62,0
B00761,2026-05-25,Detroit-Nashville,Core,531,30653,1,1083.76,1035.41,826.59,1
B00762,2026-06-02,Detroit-Indianapolis,Transactional,305,33822,1,630.37,614.94,479.42,0
B00763,2026-07-07,Detroit-Chicago,Strategic,254,22537,1,508.78,546.28,422.74,1
B00764,2026-08-12,Detroit-Cleveland,Core,173,7417,1,383.93,389.68,345.49,0
B00765,2026-09-17,Detroit-Atlanta,Transactional,794,29385,3,1579.97,1532.22,1191.87,1
B00766,2026-10-22,Detroit-Toronto,Strategic,230,2945,1,531.33,530.15,445.54,1
B00767,2026-11-27,Detroit-Nashville,Core,469,35763,3,1025.27,1005.68,767.64,0
B00768,2026-12-04,Detroit-Indianapolis,Transactional,297,2740,1,644.0,614.52,552.26,1
B00769,2026-01-09,Detroit-Chicago,Strategic,334,27465,1,683.16,689.63,553.17,0
B00770,2026-02-14,Detroit-Cleveland,Core,185,29475,1,414.3,421.46,432.48,0
B00771,2026-03-19,Detroit-Atlanta,Transactional,743,12220,2,1437.3,1428.67,1059.49,0
B00772,2026-04-24,Detroit-Toronto,Strategic,226,8966,1,503.01,530.45,419.64,0
B00773,2026-05-01,Detroit-Nashville,Core,520,32189,2,1013.58,1038.5,829.39,1
B00774,2026-06-06,Detroit-Indianapolis,Transactional,315,8489,1,650.53,648.49,507.36,0
B00775,2026-07-11,Detroit-Chicago,Strategic,283,30040,1,567.32,584.51,475.89,1
B00776,2026-08-16,Detroit-Cleveland,Core,169,8464,1,361.71,376.19,340.76,1
B00777,2026-09-21,Detroit-Atlanta,Transactional,770,21824,2,1576.7,1476.95,1088.51,0
B00778,2026-10-26,Detroit-Toronto,Strategic,227,37031,1,512.8,526.32,446.27,1
B00779,2026-11-03,Detroit-Nashville,Core,557,25704,1,1159.77,1125.31,880.38,0
B00780,2026-12-08,Detroit-Indianapolis,Transactional,303,24391,1,634.76,633.38,481.47,0
B00781,2026-01-13,Detroit-Chicago,Strategic,298,31127,1,626.43,627.98,462.87,0
B00782,2026-02-18,Detroit-Cleveland,Core,150,5153,1,350.95,340.79,301.17,0
B00783,2026-03-23,Detroit-Atlanta,Transactional,744,7026,1,1465.45,1405.22,975.46,0
B00784,2026-04-28,Detroit-Toronto,Strategic,214,21013,1,522.49,519.16,427.41,0
B00785,2026-05-05,Detroit-Nashville,Core,527,30141,1,1026.54,1059.69,840.24,0
B00786,2026-06-10,Detroit-Indianapolis,Transactional,330,19696,3,800.21,768.65,522.14,1
B00787,2026-07-15,Detroit-Chicago,Strategic,270,8826,2,627.09,623.29,482.45,0
B00788,2026-08-20,Detroit-Cleveland,Core,176,17026,1,382.5,397.35,350.61,1
B00789,2026-09-25,Detroit-Atlanta,Transactional,732,11304,1,1503.66,1388.68,1020.17,0
B00790,2026-10-02,Detroit-Toronto,Strategic,226,14967,3,608.54,607.15,483.17,0
B00791,2026-11-07,Detroit-Nashville,Core,631,11872,2,1326.93,1286.04,1019.41,1
B00792,2026-12-12,Detroit-Indianapolis,Transactional,257,9619,1,545.51,526.33,489.17,1
B00793,2026-01-17,Detroit-Chicago,Strategic,301,16058,1,609.67,649.48,468.73,1
B00794,2026-02-22,Detroit-Cleveland,Core,155,8465,1,363.59,350.96,324.25,0
B00795,2026-03-27,Detroit-Atlanta,Transactional,738,12009,1,1371.16,1375.35,1004.28,1
B00796,2026-04-04,Detroit-Toronto,Strategic,244,34962,1,573.41,593.33,517.43,0
B00797,2026-05-09,Detroit-Nashville,Core,519,10450,1,1000.52,1022.67,796.35,1
B00798,2026-06-14,Detroit-Indianapolis,Transactional,290,18254,1,618.18,602.12,493.91,0
B00799,2026-07-19,Detroit-Chicago,Strategic,269,31868,1,541.22,586.3,444.1,0
B00800,2026-08-24,Detroit-Cleveland,Core,192,10420,2,448.27,461.06,428.91,1
B00801,2026-09-01,Detroit-Atlanta,Transactional,660,4853,2,1262.06,1256.41,962.39,0
B00802,2026-10-06,Detroit-Toronto,Strategic,282,14545,1,668.2,686.59,534.84,1
B00803,2026-11-11,Detroit-Nashville,Core,594,27424,1,1218.52,1212.76,882.49,1
B00804,2026-12-16,Detroit-Indianapolis,Transactional,262,36478,1,580.56,552.42,452.25,0
B00805,2026-01-21,Detroit-Chicago,Strategic,302,5493,1,638.91,655.47,492.26,0
B00806,2026-02-26,Detroit-Cleveland,Core,165,21279,2,411.54,396.48,409.21,0
B00807,2026-03-03,Detroit-Atlanta,Transactional,568,9729,1,1160.57,1083.1,818.73,1
B00808,2026-04-08,Detroit-Toronto,Strategic,217,36312,1,476.51,492.81,415.99,1
B00809,2026-05-13,Detroit-Nashville,Core,495,29685,1,1059.92,1013.69,790.81,0
B00810,2026-06-18,Detroit-Indianapolis,Transactional,262,34183,1,561.38,541.93,492.01,1
B00811,2026-07-23,Detroit-Chicago,Strategic,296,18864,1,619.36,624.26,503.11,0
B00812,2026-08-28,Detroit-Cleveland,Core,166,13766,1,397.08,391.01,329.78,1
B00813,2026-09-05,Detroit-Atlanta,Transactional,749,2769,1,1515.8,1404.67,1048.29,1
B00814,2026-10-10,Detroit-Toronto,Strategic,222,25782,2,520.81,546.76,507.88,1
B00815,2026-11-15,Detroit-Nashville,Core,488,14573,2,1006.38,974.56,753.19,0
B00816,2026-12-20,Detroit-Indianapolis,Transactional,304,7318,1,633.69,611.88,471.6,0
B00817,2026-01-25,Detroit-Chicago,Strategic,291,20856,1,590.75,635.21,489.79,0
B00818,2026-02-02,Detroit-Cleveland,Core,186,19760,2,452.87,452.25,368.4,1
B00819,2026-03-07,Detroit-Atlanta,Transactional,757,24762,1,1536.27,1446.43,1104.64,0
B00820,2026-04-12,Detroit-Toronto,Strategic,210,31293,1,495.22,503.38,404.37,0
B00821,2026-05-17,Detroit-Nashville,Core,514,27537,2,1056.37,1094.65,818.19,0
B00822,2026-06-22,Detroit-Indianapolis,Transactional,275,14856,1,599.56,567.66,487.03,0
B00823,2026-07-27,Detroit-Chicago,Strategic,301,2937,1,580.73,614.79,506.33,0
B00824,2026-08-04,Detroit-Cleveland,Core,181,15117,1,447.87,427.62,383.91,1
B00825,2026-09-09,Detroit-Atlanta,Transactional,743,7078,2,1477.95,1386.42,1112.79,0
B00826,2026-10-14,Detroit-Toronto,Strategic,227,6225,1,509.21,551.38,439.48,1
B00827,2026-11-19,Detroit-Nashville,Core,529,30146,2,1072.34,1101.29,793.68,0
B00828,2026-12-24,Detroit-Indianapolis,Transactional,288,21548,1,644.63,605.54,474.34,0
B00829,2026-01-01,Detroit-Chicago,Strategic,288,18051,1,557.68,596.3,460.19,1
B00830,2026-02-06,Detroit-Cleveland,Core,172,10507,2,425.27,417.36,347.0,0
B00831,2026-03-11,Detroit-Atlanta,Transactional,692,14351,1,1399.35,1348.12,996.09,0
B00832,2026-04-16,Detroit-Toronto,Strategic,202,9643,3,534.53,540.45,460.58,1
B00833,2026-05-21,Detroit-Nashville,Core,551,4905,1,1121.78,1143.71,813.07,1
B00834,2026-06-26,Detroit-Indianapolis,Transactional,281,2627,1,550.15,552.97,462.21,0
B00835,2026-07-03,Detroit-Chicago,Strategic,249,16119,1,513.85,522.45,405.84,0
B00836,2026-08-08,Detroit-Cleveland,Core,176,9030,1,388.41,397.18,355.93,1
B00837,2026-09-13,Detroit-Atlanta,Transactional,717,17967,1,1401.02,1347.36,1049.12,0
B00838,2026-10-18,Detroit-Toronto,Strategic,263,9168,1,581.08,613.31,486.58,0
B00839,2026-11-23,Detroit-Nashville,Core,591,26989,1,1199.21,1189.35,861.58,0
B00840,2026-12-28,Detroit-Indianapolis,Transactional,275,6839,1,575.56,556.73,453.84,1
B00841,2026-01-05,Detroit-Chicago,Strategic,294,17479,1,595.89,629.5,477.76,0
B00842,2026-02-10,Detroit-Cleveland,Core,154,12467,2,393.27,398.7,336.3,0
B00843,2026-03-15,Detroit-Atlanta,Transactional,784,12914,1,1546.42,1481.3,1193.19,0
B00844,2026-04-20,Detroit-Toronto,Strategic,262,11542,1,613.41,636.07,490.24,1
B00845,2026-05-25,Detroit-Nashville,Core,533,34877,2,1149.31,1109.84,856.04,0
B00846,2026-06-02,Detroit-Indianapolis,Transactional,267,21225,1,560.87,530.38,447.43,0
B00847,2026-07-07,Detroit-Chicago,Strategic,270,23087,1,555.74,556.59,435.22,0
B00848,2026-08-12,Detroit-Cleveland,Core,161,19382,1,358.17,372.86,345.56,1
B00849,2026-09-17,Detroit-Atlanta,Transactional,722,6799,1,1483.12,1379.81,982.37,1
B00850,2026-10-22,Detroit-Toronto,Strategic,248,34912,3,616.83,659.84,498.81,1
B00851,2026-11-27,Detroit-Nashville,Core,541,3406,2,1130.85,1105.16,854.18,1
B00852,2026-12-04,Detroit-Indianapolis,Transactional,314,10927,2,703.27,678.41,554.87,1
B00853,2026-01-09,Detroit-Chicago,Strategic,261,25822,2,553.03,563.71,433.25,1
B00854,2026-02-14,Detroit-Cleveland,Core,183,19608,1,448.52,428.28,371.52,0
B00855,2026-03-19,Detroit-Atlanta,Transactional,691,17370,1,1324.1,1298.53,1043.42,1
B00856,2026-04-24,Detroit-Toronto,Strategic,235,32583,1,529.77,562.71,448.4,1
B00857,2026-05-01,Detroit-Nashville,Core,572,34266,1,1093.67,1113.55,883.14,0
B00858,2026-06-06,Detroit-Indianapolis,Transactional,309,24498,1,649.43,642.78,489.15,0
B00859,2026-07-11,Detroit-Chicago,Strategic,240,25227,2,538.5,544.44,418.72,1
B00860,2026-08-16,Detroit-Cleveland,Core,175,15540,1,369.51,383.18,355.08,1
B00861,2026-09-21,Detroit-Atlanta,Transactional,885,4698,1,1634.85,1630.7,1196.47,0
B00862,2026-10-26,Detroit-Toronto,Strategic,237,29397,2,572.08,596.69,480.1,0
B00863,2026-11-03,Detroit-Nashville,Core,463,17638,1,944.43,933.54,751.75,1
B00864,2026-12-08,Detroit-Indianapolis,Transactional,271,17150,1,595.77,560.09,492.21,0
B00865,2026-01-13,Detroit-Chicago,Strategic,270,22674,1,576.06,585.36,423.36,1
B00866,2026-02-18,Detroit-Cleveland,Core,158,11945,2,377.85,388.06,388.37,0
B00867,2026-03-23,Detroit-Atlanta,Transactional,700,12898,1,1456.2,1365.67,958.85,1
B00868,2026-04-28,Detroit-Toronto,Strategic,258,22300,1,589.83,603.51,448.09,1
B00869,2026-05-05,Detroit-Nashville,Core,522,6522,1,1011.09,1030.31,809.09,1
B00870,2026-06-10,Detroit-Indianapolis,Transactional,296,12468,2,652.46,626.35,506.46,0
B00871,2026-07-15,Detroit-Chicago,Strategic,252,18021,1,527.96,529.87,418.21,1
B00872,2026-08-20,Detroit-Cleveland,Core,178,22327,2,440.99,454.79,357.42,1
B00873,2026-09-25,Detroit-Atlanta,Transactional,672,18653,2,1371.25,1286.25,951.13,0
B00874,2026-10-02,Detroit-Toronto,Strategic,225,32120,1,513.75,514.25,435.07,1
B00875,2026-11-07,Detroit-Nashville,Core,447,30144,2,969.77,956.07,735.18,0
B00876,2026-12-12,Detroit-Indianapolis,Transactional,263,13189,1,550.71,545.01,414.62,0
B00877,2026-01-17,Detroit-Chicago,Strategic,278,31775,1,540.79,571.12,442.5,1
B00878,2026-02-22,Detroit-Cleveland,Core,154,22273,3,419.61,425.42,353.6,0
B00879,2026-03-27,Detroit-Atlanta,Transactional,612,13281,1,1164.03,1123.44,914.34,1
B00880,2026-04-04,Detroit-Toronto,Strategic,243,27212,2,569.52,601.26,467.46,0
B00881,2026-05-09,Detroit-Nashville,Core,536,31581,1,1081.89,1042.78,816.0,1
B00882,2026-06-14,Detroit-Indianapolis,Transactional,304,20961,3,686.28,672.01,518.42,0
B00883,2026-07-19,Detroit-Chicago,Strategic,238,25775,2,503.93,533.89,445.09,0
B00884,2026-08-24,Detroit-Cleveland,Core,176,23719,1,406.88,398.78,352.56,0
B00885,2026-09-01,Detroit-Atlanta,Transactional,730,28714,1,1393.28,1372.63,1129.05,1
B00886,2026-10-06,Detroit-Toronto,Strategic,276,35767,1,615.02,653.6,535.32,0
B00887,2026-11-11,Detroit-Nashville,Core,533,15118,2,1112.4,1123.06,825.29,1
B00888,2026-12-16,Detroit-Indianapolis,Transactional,256,27035,1,550.43,534.39,414.73,0
B00889,2026-01-21,Detroit-Chicago,Strategic,292,3480,2,617.14,627.56,487.37,1
B00890,2026-02-26,Detroit-Cleveland,Core,163,31172,2,407.43,394.85,341.35,1
B00891,2026-03-03,Detroit-Atlanta,Transactional,754,27759,1,1480.43,1375.14,1078.07,0
B00892,2026-04-08,Detroit-Toronto,Strategic,245,16782,1,540.5,563.1,478.9,1
B00893,2026-05-13,Detroit-Nashville,Core,636,11525,1,1353.99,1306.54,912.73,1
B00894,2026-06-18,Detroit-Indianapolis,Transactional,301,32595,1,639.8,615.91,462.88,0
B00895,2026-07-23,Detroit-Chicago,Strategic,275,27904,3,603.23,641.55,504.66,1
B00896,2026-08-28,Detroit-Cleveland,Core,161,37971,1,386.13,378.87,349.1,0
B00897,2026-09-05,Detroit-Atlanta,Transactional,803,33450,1,1587.77,1463.12,1140.68,0
B00898,2026-10-10,Detroit-Toronto,Strategic,218,15639,1,508.24,531.0,423.97,1
B00899,2026-11-15,Detroit-Nashville,Core,572,3121,2,1160.48,1136.31,888.99,1
B00900,2026-12-20,Detroit-Indianapolis,Transactional,294,5471,2,614.47,611.81,500.04,0
B00901,2026-01-25,Detroit-Chicago,Strategic,308,27471,3,730.66,730.28,511.3,1
B00902,2026-02-02,Detroit-Cleveland,Core,164,24914,2,399.16,406.3,346.85,1
B00903,2026-03-07,Detroit-Atlanta,Transactional,679,15601,2,1297.89,1264.67,1006.24,0
B00904,2026-04-12,Detroit-Toronto,Strategic,235,26811,1,547.12,572.16,460.36,1
B00905,2026-05-17,Detroit-Nashville,Core,495,10331,2,995.32,1013.73,813.85,0
B00906,2026-06-22,Detroit-Indianapolis,Transactional,260,27457,1,548.04,526.66,401.41,0
B00907,2026-07-27,Detroit-Chicago,Strategic,217,8690,2,483.0,492.57,395.91,1
B00908,2026-08-04,Detroit-Cleveland,Core,171,11812,2,425.65,431.09,362.74,0
B00909,2026-09-09,Detroit-Atlanta,Transactional,777,23126,3,1541.78,1534.77,1127.07,1
B00910,2026-10-14,Detroit-Toronto,Strategic,201,37547,1,436.81,458.79,391.71,1
B00911,2026-11-19,Detroit-Nashville,Core,538,15789,1,1034.51,1062.68,821.39,0
B00912,2026-12-24,Detroit-Indianapolis,Transactional,244,36070,3,582.04,562.37,456.34,0
B00913,2026-01-01,Detroit-Chicago,Strategic,264,3815,2,591.9,590.0,462.66,0
B00914,2026-02-06,Detroit-Cleveland,Core,187,33054,2,466.53,446.69,379.94,0
B00915,2026-03-11,Detroit-Atlanta,Transactional,687,19272,2,1402.94,1334.06,954.11,0
B00916,2026-04-16,Detroit-Toronto,Strategic,271,5859,2,639.3,672.64,492.71,1
B00917,2026-05-21,Detroit-Nashville,Core,585,14471,1,1195.92,1174.71,880.82,1
B00918,2026-06-26,Detroit-Indianapolis,Transactional,282,9894,1,615.03,568.73,463.06,1
B00919,2026-07-03,Detroit-Chicago,Strategic,262,13355,1,521.3,550.07,456.88,1
B00920,2026-08-08,Detroit-Cleveland,Core,191,37323,3,506.24,508.53,398.72,0
B00921,2026-09-13,Detroit-Atlanta,Transactional,695,11140,1,1366.88,1288.75,1024.79,0
B00922,2026-10-18,Detroit-Toronto,Strategic,227,27268,1,539.2,538.35,413.19,0
B00923,2026-11-23,Detroit-Nashville,Core,506,29764,2,1038.01,1014.73,815.11,0
B00924,2026-12-28,Detroit-Indianapolis,Transactional,265,22797,1,587.92,554.39,444.38,1
B00925,2026-01-05,Detroit-Chicago,Strategic,258,16643,3,593.65,614.49,485.69,0
B00926,2026-02-10,Detroit-Cleveland,Core,172,10585,1,403.52,403.99,348.63,1
B00927,2026-03-15,Detroit-Atlanta,Transactional,796,35048,1,1503.73,1455.59,1088.34,1
B00928,2026-04-20,Detroit-Toronto,Strategic,245,31476,1,517.0,557.26,455.14,1
B00929,2026-05-25,Detroit-Nashville,Core,507,37138,1,1011.86,1040.71,797.44,1
B00930,2026-06-02,Detroit-Indianapolis,Transactional,296,3316,2,672.69,661.59,520.77,0
B00931,2026-07-07,Detroit-Chicago,Strategic,288,29668,1,540.42,583.01,457.4,1
B00932,2026-08-12,Detroit-Cleveland,Core,165,15316,1,368.16,366.76,402.95,0
B00933,2026-09-17,Detroit-Atlanta,Transactional,757,32356,1,1529.02,1417.08,1009.92,1
B00934,2026-10-22,Detroit-Toronto,Strategic,259,19635,1,636.97,632.33,478.21,0
B00935,2026-11-27,Detroit-Nashville,Core,483,26638,1,1006.7,979.78,750.97,0
B00936,2026-12-04,Detroit-Indianapolis,Transactional,269,33865,2,630.86,588.56,448.72,0
B00937,2026-01-09,Detroit-Chicago,Strategic,268,27406,1,533.83,550.74,447.19,1
B00938,2026-02-14,Detroit-Cleveland,Core,173,18418,1,376.67,382.72,348.04,0
B00939,2026-03-19,Detroit-Atlanta,Transactional,668,10922,3,1446.17,1343.63,1088.47,0
B00940,2026-04-24,Detroit-Toronto,Strategic,227,37190,1,522.97,536.59,444.48,1
B00941,2026-05-01,Detroit-Nashville,Core,611,30838,1,1203.2,1180.3,935.42,1
B00942,2026-06-06,Detroit-Indianapolis,Transactional,295,27788,1,607.56,605.53,482.55,0
B00943,2026-07-11,Detroit-Chicago,Strategic,299,15385,1,616.05,649.52,520.41,0
B00944,2026-08-16,Detroit-Cleveland,Core,172,4030,1,383.73,395.4,331.94,0
B00945,2026-09-21,Detroit-Atlanta,Transactional,624,36168,1,1128.6,1128.34,870.2,1
B00946,2026-10-26,Detroit-Toronto,Strategic,229,24673,1,521.09,541.65,433.62,1
B00947,2026-11-03,Detroit-Nashville,Core,563,30789,2,1185.19,1159.84,893.7,1
B00948,2026-12-08,Detroit-Indianapolis,Transactional,245,30321,2,545.63,524.89,470.78,1
B00949,2026-01-13,Detroit-Chicago,Strategic,278,12312,2,590.94,614.32,497.17,0
B00950,2026-02-18,Detroit-Cleveland,Core,136,33450,1,315.05,303.72,290.59,1
B00951,2026-03-23,Detroit-Atlanta,Transactional,670,12067,1,1301.79,1220.1,976.58,1
B00952,2026-04-28,Detroit-Toronto,Strategic,251,36010,2,638.05,648.22,527.15,0
B00953,2026-05-05,Detroit-Nashville,Core,527,8404,1,1002.31,1030.48,865.01,1
B00954,2026-06-10,Detroit-Indianapolis,Transactional,277,19919,1,554.33,553.4,451.09,0
B00955,2026-07-15,Detroit-Chicago,Strategic,290,8956,1,563.93,585.19,467.26,0
B00956,2026-08-20,Detroit-Cleveland,Core,181,12216,1,430.71,428.83,363.07,0
B00957,2026-09-25,Detroit-Atlanta,Transactional,675,13200,1,1299.72,1281.8,977.97,1
B00958,2026-10-02,Detroit-Toronto,Strategic,233,7221,1,507.15,550.15,441.08,1
B00959,2026-11-07,Detroit-Nashville,Core,496,28281,1,990.78,1022.77,786.36,0
B00960,2026-12-12,Detroit-Indianapolis,Transactional,281,35755,1,595.15,568.45,477.42,1
