period,cost_center,actual_revenue_usd,budget_revenue_usd,actual_cost_of_services_usd,budget_cost_of_services_usd,actual_operating_expenses_usd,budget_operating_expenses_usd,actual_ebitda_usd,budget_ebitda_usd,ebitda_variance_favorable_usd,monthly_variance_rank
2025-01,Freight Brokerage,425805.9,421590.0,157784.63999999998,155626.4,89083.99,88595.0,178937.27000000002,177368.59999999998,1568.670000000042,1
2025-01,Dedicated Fleet,666004.1,659410.0,312685.36,307135.6,109510.75,108993.0,243807.99,243281.40000000002,526.5899999999674,2
2025-01,Corporate,0.0,0.0,47658.0,47658.0,90483.45999999999,90052.0,-138141.46,-137710.0,-431.45999999999185,3
2025-02,Corporate,0.0,0.0,50162.58,49179.0,93575.9,92926.0,-143738.47999999998,-142105.0,-1633.4799999999814,1
2025-02,Freight Brokerage,430694.55,435045.0,164361.84,160593.2,91747.45,91422.5,174585.25999999995,183029.3,-8444.040000000037,2
2025-02,Dedicated Fleet,673650.45,680455.0,324708.28,316937.8,112796.45000000001,112471.5,236145.7199999999,251045.7,-14899.980000000098,3
2025-03,Dedicated Fleet,722545.0,701500.0,330007.4,326740.0,117125.59999999999,115950.0,275412.0,258810.0,16602.0,1
2025-03,Freight Brokerage,461955.0,448500.0,167215.6,165560.0,95198.4,94250.0,199541.00000000003,188690.0,10851.00000000003,2
2025-03,Corporate,0.0,0.0,51207.0,50700.0,96576.0,95800.0,-147783.0,-146500.0,-1283.0,3
2025-04,Corporate,0.0,0.0,51196.86,51714.0,97374.3,97716.0,-148571.16,-149430.0,858.8399999999965,1
2025-04,Freight Brokerage,457470.0,457470.0,171280.85,168871.2,95964.15,96135.0,190225.00000000003,192463.8,-2238.7999999999593,2
2025-04,Dedicated Fleet,715530.0,715530.0,340480.69,333274.8,118098.15000000001,118269.0,256951.15999999997,263986.2,-7035.040000000037,3
2025-05,Corporate,0.0,0.0,54309.84,52728.0,100457.76000000001,99632.0,-154767.6,-152360.0,-2407.600000000006,1
2025-05,Freight Brokerage,457111.2,466440.0,178541.79,172182.4,98735.21,98020.0,179834.2,196237.59999999998,-16403.399999999965,2
2025-05,Dedicated Fleet,714968.8,729560.0,353073.97,339809.6,121335.03,120588.0,240559.80000000008,269162.4,-28602.599999999948,3
2025-06,Freight Brokerage,462044.7,452985.0,170559.91,167215.6,96407.73000000001,95192.5,195077.06000000003,190576.90000000002,4500.1600000000035,1
2025-06,Dedicated Fleet,722685.3,708515.0,340408.99,330007.4,118742.47,117109.5,263533.8400000001,261398.09999999998,2135.740000000107,2
2025-06,Corporate,0.0,0.0,52231.14,51207.0,97707.4,96758.0,-149938.53999999998,-147965.0,-1973.539999999979,3
2025-07,Freight Brokerage,466574.55,461955.0,172891.68,170526.8,98399.4,97077.5,195283.47,194350.7,932.7699999999895,1
2025-07,Dedicated Fleet,729770.45,722545.0,342623.32,336542.2,120984.42000000001,119428.5,266162.70999999996,266574.3,-411.5900000000256,2
2025-07,Corporate,0.0,0.0,52221.0,52221.0,100163.38,98674.0,-152384.38,-150895.0,-1489.3800000000047,3
2025-08,Dedicated Fleet,744151.2,715530.0,345100.27,333274.8,118269.0,118269.0,280781.92999999993,263986.2,16795.729999999923,1
2025-08,Freight Brokerage,475768.8,457470.0,175040.57,168871.2,96135.0,96135.0,204593.22999999998,192463.8,12129.429999999993,2
2025-08,Corporate,0.0,0.0,53782.56,51714.0,97716.0,97716.0,-151498.56,-149430.0,-2068.5599999999977,3
2025-09,Corporate,0.0,0.0,54816.84,53742.0,102532.73999999999,101548.0,-157349.58,-155290.0,-2059.579999999987,1
2025-09,Freight Brokerage,470655.9,475410.0,182045.66999999998,175493.6,101094.11,99905.0,187516.12000000005,200011.40000000002,-12495.27999999997,2
2025-09,Dedicated Fleet,736154.1,743590.0,365279.29000000004,346344.4,124347.75,122907.0,246527.05999999994,274338.6,-27811.540000000037,3
2025-10,Dedicated Fleet,780348.6,757620.0,361190.23,352879.2,127514.84,125226.0,291643.53,279514.8,12128.73000000004,1
2025-10,Freight Brokerage,498911.4,484380.0,182452.61,178804.8,103632.16,101790.0,212826.63000000003,203785.2,9041.430000000022,2
2025-10,Corporate,0.0,0.0,55303.56,54756.0,105564.6,103464.0,-160868.16,-158220.0,-2648.1600000000035,3
2025-11,Freight Brokerage,512366.4,502320.0,195341.44,185427.2,107483.6,105560.0,209541.36000000002,211332.8,-1791.4399999999732,1
2025-11,Corporate,0.0,0.0,59623.2,56784.0,109066.72,107296.0,-168689.91999999998,-164080.0,-4609.919999999984,2
2025-11,Dedicated Fleet,801393.6,785680.0,390280.13,365948.8,132273.68,129864.0,278839.79,289867.2,-11027.410000000033,3
2025-12,Dedicated Fleet,869158.5,827770.0,400603.16000000003,385553.2,137774.91,136821.0,330780.42999999993,305395.8,25384.629999999946,1
2025-12,Freight Brokerage,555691.5,529230.0,202576.26,195360.8,111924.89,111215.0,241190.34999999998,222654.2,18536.149999999965,2
2025-12,Corporate,0.0,0.0,61620.78,59826.0,113598.6,113044.0,-175219.38,-172870.0,-2349.3800000000047,3
