period,actual_revenue_usd,budget_revenue_usd,revenue_variance_favorable_usd,actual_cost_of_services_usd,budget_cost_of_services_usd,cost_variance_favorable_usd,actual_operating_expenses_usd,budget_operating_expenses_usd,opex_variance_favorable_usd,actual_gross_profit_usd,budget_gross_profit_usd,actual_ebitda_usd,budget_ebitda_usd,ebitda_variance_favorable_usd,actual_ebitda_margin_pct,ytd_actual_ebitda_usd,prior_month_actual_ebitda_usd,rolling_3m_actual_ebitda_usd
2025-01,1091810.0,1081000.0,10810.0,518128.0,510420.0,-7708.0,289078.2,287640.0,-1438.2000000000116,573682.0,570580.0,284603.8,282940.0,1663.7999999999884,0.2606715454154111,284603.8,,284603.8
2025-02,1104345.0,1115500.0,-11155.0,539232.7,526710.0,-12522.699999999953,298119.8,296820.0,-1299.7999999999884,565112.3,588790.0,266992.50000000006,291970.0,-24977.49999999994,0.24176548089591574,551596.3,284603.8,275798.15
2025-03,1184500.0,1150000.0,34500.0,548430.0,543000.0,-5430.0,308900.0,306000.0,-2900.0,636070.0,607000.0,327170.0,301000.0,26170.0,0.27620937104263404,878766.3,266992.50000000006,292922.10000000003
2025-04,1173000.0,1173000.0,0.0,562958.4,553860.0,-9098.400000000023,311436.6,312120.0,683.4000000000233,610041.6,619140.0,298605.0,307020.0,-8415.0,0.25456521739130433,1177371.3,327170.0,297589.1666666667
2025-05,1172080.0,1196000.0,-23920.0,585925.6,564720.0,-21205.599999999977,320528.0,318240.0,-2288.0,586154.4,631280.0,265626.4,313040.0,-47413.59999999998,0.22662821650399292,1442997.7000000002,298605.0,297133.8
2025-06,1184730.0,1161500.0,23230.0,563200.04,548430.0,-14770.040000000037,312857.6,309060.0,-3797.5999999999767,621529.96,613070.0,308672.36,304010.0,4662.359999999986,0.2605423683033265,1751670.06,265626.4,290967.92
2025-07,1196345.0,1184500.0,11845.0,567736.0,559290.0,-8446.0,319547.2,315180.0,-4367.200000000012,628609.0,625210.0,309061.8,310030.0,-968.2000000000116,0.2583383555746879,2060731.86,308672.36,294453.52
2025-08,1219920.0,1173000.0,46920.0,573923.4,553860.0,-20063.400000000023,312120.0,312120.0,0.0,645996.6,619140.0,333876.6,307020.0,26856.599999999977,0.27368729096989963,2394608.46,309061.8,317203.58666666667
2025-09,1206810.0,1219000.0,-12190.0,602141.8,575580.0,-26561.800000000047,327974.6,324360.0,-3614.5999999999767,604668.2,643420.0,276693.6,319060.0,-42366.40000000002,0.2292768538543764,2671302.06,333876.6,306544.0
2025-10,1279260.0,1242000.0,37260.0,598946.4,586440.0,-12506.400000000023,336711.6,330480.0,-6231.599999999977,680313.6,655560.0,343602.0,325080.0,18522.0,0.2685943436048966,3014904.06,276693.6,318057.39999999997
2025-11,1313760.0,1288000.0,25760.0,645244.77,608160.0,-37084.77000000002,348824.0,342720.0,-6104.0,668515.23,679840.0,319691.23,337120.0,-17428.77000000002,0.24334066343928876,3334595.29,343602.0,313328.9433333333
2025-12,1424850.0,1357000.0,67850.0,664800.2,640740.0,-24060.199999999953,363298.4,361080.0,-2218.4000000000233,760049.8,716260.0,396751.4,355180.0,41571.40000000002,0.2784513457556936,3731346.69,319691.23,353348.20999999996
