period,actual_ar_usd,actual_inventory_usd,actual_ap_usd,actual_net_working_capital_usd,budget_net_working_capital_usd,nwc_variance_usd,actual_cash_release_proxy_usd,budget_cash_release_proxy_usd,dso_monthly_proxy_days,dio_monthly_proxy_days,dpo_monthly_proxy_days,cash_conversion_cycle_proxy_days
2025-01,1382959.33,293605.87,552669.87,1123895.33,1114056.67,9838.660000000149,,,37.99999990840898,17.0000001930025,32.0000001930025,22.99999990840898
2025-02,1435648.5,305565.2,575181.55,1166032.15,1186795.0,-20762.850000000093,-42136.81999999983,-72738.33000000007,39.0,17.000000185448695,32.0000001854487,24.0
2025-03,1579333.33,310777.0,584992.0,1305118.33,1261833.33,43285.0,-139086.18000000017,-75038.33000000007,39.9999999155762,17.0,32.0,24.999999915576197
2025-04,1485800.0,319009.76,600488.96,1204320.8,1208870.0,-4549.199999999953,100797.53000000003,52963.330000000075,38.0,17.0,31.999999999999993,23.000000000000007
2025-05,1523704.0,332024.51,624987.31,1230741.2,1272440.0,-41698.80000000005,-26420.399999999907,-63570.0,39.0,17.000000170670134,32.000000170670134,24.0
2025-06,1579640.0,319146.69,600746.71,1298039.98,1274451.67,23588.310000000056,-67298.78000000003,-2011.6699999999255,40.0,17.00000003551136,32.000000035511356,25.000000000000007
2025-07,1515370.33,321717.07,605585.07,1231502.33,1220721.67,10780.660000000149,66537.6499999999,53730.0,37.99999991641208,17.000000176138204,32.0000001761382,22.99999991641208
2025-08,1585896.0,325223.26,612184.96,1298934.3,1247970.0,50964.30000000005,-67431.96999999997,-27248.330000000075,39.0,17.0,31.999999999999993,24.000000000000007
2025-09,1609080.0,341213.69,642284.59,1308009.1,1337543.33,-29534.22999999998,-9074.800000000047,-89573.33000000007,40.0,17.000000166073836,32.00000016607383,25.0
2025-10,1620396.0,339402.96,638876.16,1320922.7999999998,1279980.0,40942.799999999814,-12913.69999999972,57563.330000000075,38.0,17.0,32.0,23.0
2025-11,1707888.0,365638.7,688261.09,1385265.6099999999,1370320.0,14945.60999999987,-64342.810000000056,-90340.0,39.0,16.99999986051805,32.00000009298797,23.999999767530078
2025-12,1899800.0,376720.11,709120.21,1567399.9,1488963.33,78436.56999999983,-182134.29000000004,-118643.33000000007,40.0,16.999999849578867,31.999999849578863,25.000000000000007
