scenario_id,aircraft,distance_km,demand_tonnes,modeled_carried_tonnes,unserved_tonnes,payload_utilization,fuel_saving_assumption,modeled_fuel_kg,trip_cost_usd,tonne_miles,cost_usd_per_tonne_mile,fuel_kg_per_tonne_km,feasibility,range_utilization
D60-S0,777F reference,6000.0,60.0,60.0,0,0.588235,0.0,45000.0,70500.0,223693.629205,0.315163,0.125,Within published ceilings,0.652174
D60-S0,A350F,6000.0,60.0,60.0,0,0.540541,0.0,45000.0,75500.0,223693.629205,0.337515,0.125,Within published ceilings,0.689655
D60-S20,777F reference,6000.0,60.0,60.0,0,0.588235,0.0,45000.0,70500.0,223693.629205,0.315163,0.125,Within published ceilings,0.652174
D60-S20,A350F,6000.0,60.0,60.0,0,0.540541,0.2,36000.0,67400.0,223693.629205,0.301305,0.1,Within published ceilings,0.689655
D60-S40,777F reference,6000.0,60.0,60.0,0,0.588235,0.0,45000.0,70500.0,223693.629205,0.315163,0.125,Within published ceilings,0.652174
D60-S40,A350F,6000.0,60.0,60.0,0,0.540541,0.4,27000.0,59300.0,223693.629205,0.265095,0.075,Within published ceilings,0.689655
D80-S0,777F reference,6000.0,80.0,80.0,0,0.784314,0.0,45000.0,70500.0,298258.172274,0.236372,0.09375,Within published ceilings,0.652174
D80-S0,A350F,6000.0,80.0,80.0,0,0.720721,0.0,45000.0,75500.0,298258.172274,0.253136,0.09375,Within published ceilings,0.689655
D80-S20,777F reference,6000.0,80.0,80.0,0,0.784314,0.0,45000.0,70500.0,298258.172274,0.236372,0.09375,Within published ceilings,0.652174
D80-S20,A350F,6000.0,80.0,80.0,0,0.720721,0.2,36000.0,67400.0,298258.172274,0.225979,0.075,Within published ceilings,0.689655
D80-S40,777F reference,6000.0,80.0,80.0,0,0.784314,0.0,45000.0,70500.0,298258.172274,0.236372,0.09375,Within published ceilings,0.652174
D80-S40,A350F,6000.0,80.0,80.0,0,0.720721,0.4,27000.0,59300.0,298258.172274,0.198821,0.05625,Within published ceilings,0.689655
D100-S0,777F reference,6000.0,100.0,100.0,0,0.980392,0.0,45000.0,70500.0,372822.715342,0.189098,0.075,Within published ceilings,0.652174
D100-S0,A350F,6000.0,100.0,100.0,0,0.900901,0.0,45000.0,75500.0,372822.715342,0.202509,0.075,Within published ceilings,0.689655
D100-S20,777F reference,6000.0,100.0,100.0,0,0.980392,0.0,45000.0,70500.0,372822.715342,0.189098,0.075,Within published ceilings,0.652174
D100-S20,A350F,6000.0,100.0,100.0,0,0.900901,0.2,36000.0,67400.0,372822.715342,0.180783,0.06,Within published ceilings,0.689655
D100-S40,777F reference,6000.0,100.0,100.0,0,0.980392,0.0,45000.0,70500.0,372822.715342,0.189098,0.075,Within published ceilings,0.652174
D100-S40,A350F,6000.0,100.0,100.0,0,0.900901,0.4,27000.0,59300.0,372822.715342,0.159057,0.045,Within published ceilings,0.689655
