region,shock,lane,diesel_usd_per_gallon,shipments,revenue_usd,base_fuel_usd,inferred_gallons,scenario_fuel_usd,nonfuel_cost_usd,direct_cost_usd,contribution_usd,contribution_margin,margin_per_load_usd,break_even_rate_usd_per_loaded_mile,target_rate_usd_per_loaded_mile,required_revenue_uplift,on_time_rate
U.S.,-0.1,Detroit-Chicago,5.7438,200,122907.58,35111.18,5380.199203,30902.788183,56712.11,87614.898183,35292.681817,0.287148,176.463409,1.586221,1.934415,0,0.915
U.S.,-0.1,Detroit-Cleveland,5.7438,200,81572.29,23142.27,3546.164572,20368.460071,44109.92,64478.380071,17093.909929,0.209555,85.46955,1.901961,2.319465,0,0.925
U.S.,-0.1,Detroit-Atlanta,5.7438,200,290721.1,90159.15,13815.376954,79352.762147,116287.13,195639.892147,95081.207853,0.327053,475.406039,1.353085,1.650104,0,0.88
U.S.,-0.1,Detroit-Toronto,5.7438,200,117231.29,33017.25,5059.339565,29059.834592,55189.73,84249.564592,32981.725408,0.281339,164.908627,1.796902,2.191344,0,0.94
U.S.,-0.1,Detroit-Nashville,5.7438,200,223887.85,69729.72,10684.909592,61371.983717,94754.49,156126.473717,67761.376283,0.302658,338.806881,1.461092,1.78182,0,0.9
U.S.,-0.1,Detroit-Indianapolis,5.7438,200,122386.64,35775.53,5481.999694,31487.50984,56301.7,87789.20984,34597.43016,0.28269,172.987151,1.525469,1.860328,0,0.935
U.S.,0.0,Detroit-Chicago,6.382,200,122907.58,35111.18,5380.199203,34336.431315,56712.11,91048.541315,31859.038685,0.259211,159.295193,1.648385,2.010226,0,0.915
U.S.,0.0,Detroit-Cleveland,6.382,200,81572.29,23142.27,3546.164572,22631.622302,44109.92,66741.542302,14830.747698,0.181811,74.153738,1.968719,2.400877,0,0.925
U.S.,0.0,Detroit-Atlanta,6.382,200,290721.1,90159.15,13815.376954,88169.735719,116287.13,204456.865719,86264.234281,0.296725,431.321171,1.414065,1.72447,0,0.88
U.S.,0.0,Detroit-Toronto,6.382,200,117231.29,33017.25,5059.339565,32288.705103,55189.73,87478.435103,29752.854897,0.253796,148.764274,1.865769,2.275328,0,0.94
U.S.,0.0,Detroit-Nashville,6.382,200,223887.85,69729.72,10684.909592,68191.093019,94754.49,162945.583019,60942.266981,0.2722,304.711335,1.524908,1.859644,0,0.9
U.S.,0.0,Detroit-Indianapolis,6.382,200,122386.64,35775.53,5481.999694,34986.122044,56301.7,91287.822044,31098.817956,0.254103,155.49409,1.586263,1.934466,0,0.935
U.S.,0.1,Detroit-Chicago,7.0202,200,122907.58,35111.18,5380.199203,37770.074446,56712.11,94482.184446,28425.395554,0.231275,142.126978,1.710549,2.086036,0,0.915
U.S.,0.1,Detroit-Cleveland,7.0202,200,81572.29,23142.27,3546.164572,24894.784532,44109.92,69004.704532,12567.585468,0.154067,62.837927,2.035477,2.482289,0.031626,0.925
U.S.,0.1,Detroit-Atlanta,7.0202,200,290721.1,90159.15,13815.376954,96986.709291,116287.13,213273.839291,77447.260709,0.266397,387.236304,1.475045,1.798836,0,0.88
U.S.,0.1,Detroit-Toronto,7.0202,200,117231.29,33017.25,5059.339565,35517.575613,55189.73,90707.305613,26523.984387,0.226253,132.619922,1.934635,2.359311,0,0.94
U.S.,0.1,Detroit-Nashville,7.0202,200,223887.85,69729.72,10684.909592,75010.202321,94754.49,169764.692321,54123.157679,0.241742,270.615788,1.588724,1.937468,0,0.9
U.S.,0.1,Detroit-Indianapolis,7.0202,200,122386.64,35775.53,5481.999694,38484.734249,56301.7,94786.434249,27600.205751,0.225516,138.001029,1.647056,2.008605,0,0.935
East Coast,-0.1,Detroit-Chicago,5.5233,200,122907.58,35111.18,5380.199203,29716.454259,56712.11,86428.564259,36479.015741,0.2968,182.395079,1.564743,1.908223,0,0.915
East Coast,-0.1,Detroit-Cleveland,5.5233,200,81572.29,23142.27,3546.164572,19586.530783,44109.92,63696.450783,17875.839217,0.219141,89.379196,1.878896,2.291336,0,0.925
East Coast,-0.1,Detroit-Atlanta,5.5233,200,290721.1,90159.15,13815.376954,76306.471529,116287.13,192593.601529,98127.498471,0.337531,490.637492,1.332016,1.62441,0,0.88
East Coast,-0.1,Detroit-Toronto,5.5233,200,117231.29,33017.25,5059.339565,27944.250218,55189.73,83133.980218,34097.309782,0.290855,170.486549,1.773109,2.162328,0,0.94
East Coast,-0.1,Detroit-Nashville,5.5233,200,223887.85,69729.72,10684.909592,59015.961152,94754.49,153770.451152,70117.398848,0.313181,350.586994,1.439044,1.754931,0,0.9
East Coast,-0.1,Detroit-Indianapolis,5.5233,200,122386.64,35775.53,5481.999694,30278.728907,56301.7,86580.428907,35806.211093,0.292566,179.031055,1.504465,1.834713,0,0.935
East Coast,0.0,Detroit-Chicago,6.137,200,122907.58,35111.18,5380.199203,33018.28251,56712.11,89730.39251,33177.18749,0.269936,165.885937,1.624521,1.981123,0,0.915
East Coast,0.0,Detroit-Cleveland,6.137,200,81572.29,23142.27,3546.164572,21762.811981,44109.92,65872.731981,15699.558019,0.192462,78.49779,1.943091,2.369623,0,0.925
East Coast,0.0,Detroit-Atlanta,6.137,200,290721.1,90159.15,13815.376954,84784.968365,116287.13,201072.098365,89649.001635,0.308368,448.245008,1.390656,1.695921,0,0.88
East Coast,0.0,Detroit-Toronto,6.137,200,117231.29,33017.25,5059.339565,31049.166909,55189.73,86238.896909,30992.393091,0.26437,154.961965,1.839332,2.243087,0,0.94
East Coast,0.0,Detroit-Nashville,6.137,200,223887.85,69729.72,10684.909592,65573.290169,94754.49,160327.780169,63560.069831,0.283892,317.800349,1.50041,1.829768,0,0.9
East Coast,0.0,Detroit-Indianapolis,6.137,200,122386.64,35775.53,5481.999694,33643.032119,56301.7,89944.732119,32441.907881,0.265077,162.209539,1.562924,1.906005,0,0.935
East Coast,0.1,Detroit-Chicago,6.7507,200,122907.58,35111.18,5380.199203,36320.110761,56712.11,93032.220761,29875.359239,0.243072,149.376796,1.684298,2.054022,0,0.915
East Coast,0.1,Detroit-Cleveland,6.7507,200,81572.29,23142.27,3546.164572,23939.093179,44109.92,68049.013179,13523.276821,0.165783,67.616384,2.007286,2.44791,0.017338,0.925
East Coast,0.1,Detroit-Atlanta,6.7507,200,290721.1,90159.15,13815.376954,93263.465202,116287.13,209550.595202,81170.504798,0.279204,405.852524,1.449295,1.767432,0,0.88
East Coast,0.1,Detroit-Toronto,6.7507,200,117231.29,33017.25,5059.339565,34154.0836,55189.73,89343.8136,27887.4764,0.237884,139.437382,1.905554,2.323847,0,0.94
East Coast,0.1,Detroit-Nashville,6.7507,200,223887.85,69729.72,10684.909592,72130.619185,94754.49,166885.109185,57002.740815,0.254604,285.013704,1.561776,1.904605,0,0.9
East Coast,0.1,Detroit-Indianapolis,6.7507,200,122386.64,35775.53,5481.999694,37007.335331,56301.7,93309.035331,29077.604669,0.237588,145.388023,1.621384,1.977298,0,0.935
New England,-0.1,Detroit-Chicago,5.859,200,122907.58,35111.18,5380.199203,31522.587131,56712.11,88234.697131,34672.882869,0.282105,173.364414,1.597442,1.9481,0,0.915
New England,-0.1,Detroit-Cleveland,5.859,200,81572.29,23142.27,3546.164572,20776.97823,44109.92,64886.89823,16685.39177,0.204547,83.426959,1.914011,2.33416,0,0.925
New England,-0.1,Detroit-Atlanta,5.859,200,290721.1,90159.15,13815.376954,80944.293572,116287.13,197231.423572,93489.676428,0.321579,467.448382,1.364093,1.663528,0,0.88
New England,-0.1,Detroit-Toronto,5.859,200,117231.29,33017.25,5059.339565,29642.67051,55189.73,84832.40051,32398.88949,0.276367,161.994447,1.809333,2.206504,0,0.94
New England,-0.1,Detroit-Nashville,5.859,200,223887.85,69729.72,10684.909592,62602.885302,94754.49,157357.375302,66530.474698,0.29716,332.652373,1.472612,1.795868,0,0.9
New England,-0.1,Detroit-Indianapolis,5.859,200,122386.64,35775.53,5481.999694,32119.036204,56301.7,88420.736204,33965.903796,0.27753,169.829519,1.536443,1.873711,0,0.935
New England,0.0,Detroit-Chicago,6.51,200,122907.58,35111.18,5380.199203,35025.096813,56712.11,91737.206813,31170.373187,0.253608,155.851866,1.660853,2.02543,0,0.915
New England,0.0,Detroit-Cleveland,6.51,200,81572.29,23142.27,3546.164572,23085.531367,44109.92,67195.451367,14376.838633,0.176247,71.884193,1.982108,2.417205,0.004577,0.925
New England,0.0,Detroit-Atlanta,6.51,200,290721.1,90159.15,13815.376954,89938.103969,116287.13,206225.233969,84495.866031,0.290642,422.47933,1.426296,1.739385,0,0.88
New England,0.0,Detroit-Toronto,6.51,200,117231.29,33017.25,5059.339565,32936.300567,55189.73,88126.030567,29105.259433,0.248272,145.526297,1.879581,2.292172,0,0.94
New England,0.0,Detroit-Nashville,6.51,200,223887.85,69729.72,10684.909592,69558.761447,94754.49,164313.251447,59574.598553,0.266091,297.872993,1.537707,1.875253,0,0.9
New England,0.0,Detroit-Indianapolis,6.51,200,122386.64,35775.53,5481.999694,35687.818005,56301.7,91989.518005,30397.121995,0.24837,151.98561,1.598456,1.949336,0,0.935
New England,0.1,Detroit-Chicago,7.161,200,122907.58,35111.18,5380.199203,38527.606494,56712.11,95239.716494,27667.863506,0.225111,138.339318,1.724264,2.102761,0,0.915
New England,0.1,Detroit-Cleveland,7.161,200,81572.29,23142.27,3546.164572,25394.084504,44109.92,69504.004504,12068.285496,0.147946,60.341427,2.050205,2.50025,0.03909,0.925
New England,0.1,Detroit-Atlanta,7.161,200,290721.1,90159.15,13815.376954,98931.914366,116287.13,215219.044366,75502.055634,0.259706,377.510278,1.488499,1.815242,0,0.88
New England,0.1,Detroit-Toronto,7.161,200,117231.29,33017.25,5059.339565,36229.930624,55189.73,91419.660624,25811.629376,0.220177,129.058147,1.949829,2.37784,0,0.94
New England,0.1,Detroit-Nashville,7.161,200,223887.85,69729.72,10684.909592,76514.637591,94754.49,171269.127591,52618.722409,0.235023,263.093612,1.602803,1.954638,0,0.9
New England,0.1,Detroit-Indianapolis,7.161,200,122386.64,35775.53,5481.999694,39256.599805,56301.7,95558.299805,26828.340195,0.21921,134.141701,1.660468,2.024962,0,0.935
Central Atlantic,-0.1,Detroit-Chicago,5.8779,200,122907.58,35111.18,5380.199203,31624.272896,56712.11,88336.382896,34571.197104,0.281278,172.855986,1.599283,1.950345,0,0.915
Central Atlantic,-0.1,Detroit-Cleveland,5.8779,200,81572.29,23142.27,3546.164572,20844.000741,44109.92,64953.920741,16618.369259,0.203726,83.091846,1.915988,2.336571,0,0.925
Central Atlantic,-0.1,Detroit-Atlanta,5.8779,200,290721.1,90159.15,13815.376954,81205.404196,116287.13,197492.534196,93228.565804,0.32068,466.142829,1.365899,1.66573,0,0.88
Central Atlantic,-0.1,Detroit-Toronto,5.8779,200,117231.29,33017.25,5059.339565,29738.292028,55189.73,84928.022028,32303.267972,0.275552,161.51634,1.811373,2.208991,0,0.94
Central Atlantic,-0.1,Detroit-Nashville,5.8779,200,223887.85,69729.72,10684.909592,62804.830093,94754.49,157559.320093,66328.529907,0.296258,331.64265,1.474501,1.798172,0,0.9
Central Atlantic,-0.1,Detroit-Indianapolis,5.8779,200,122386.64,35775.53,5481.999694,32222.645999,56301.7,88524.345999,33862.294001,0.276683,169.31147,1.538243,1.875906,0,0.935
Central Atlantic,0.0,Detroit-Chicago,6.531,200,122907.58,35111.18,5380.199203,35138.080996,56712.11,91850.190996,31057.389004,0.252689,155.286945,1.662898,2.027925,0,0.915
Central Atlantic,0.0,Detroit-Cleveland,6.531,200,81572.29,23142.27,3546.164572,23160.000823,44109.92,67269.920823,14302.369177,0.175334,71.511846,1.984305,2.419884,0.005691,0.925
Central Atlantic,0.0,Detroit-Atlanta,6.531,200,290721.1,90159.15,13815.376954,90228.226885,116287.13,206515.356885,84205.743115,0.289644,421.028716,1.428302,1.741832,0,0.88
Central Atlantic,0.0,Detroit-Toronto,6.531,200,117231.29,33017.25,5059.339565,33042.546698,55189.73,88232.276698,28999.013302,0.247366,144.995067,1.881847,2.294935,0,0.94
Central Atlantic,0.0,Detroit-Nashville,6.531,200,223887.85,69729.72,10684.909592,69783.144548,94754.49,164537.634548,59350.215452,0.265089,296.751077,1.539807,1.877814,0,0.9
Central Atlantic,0.0,Detroit-Indianapolis,6.531,200,122386.64,35775.53,5481.999694,35802.939998,56301.7,92104.639998,30282.000002,0.247429,151.41,1.600456,1.951776,0,0.935
Central Atlantic,0.1,Detroit-Chicago,7.1841,200,122907.58,35111.18,5380.199203,38651.889096,56712.11,95363.999096,27543.580904,0.2241,137.717905,1.726514,2.105505,0,0.915
Central Atlantic,0.1,Detroit-Cleveland,7.1841,200,81572.29,23142.27,3546.164572,25476.000905,44109.92,69585.920905,11986.369095,0.146942,59.931845,2.052621,2.503197,0.040315,0.925
Central Atlantic,0.1,Detroit-Atlanta,7.1841,200,290721.1,90159.15,13815.376954,99251.049573,116287.13,215538.179573,75182.920427,0.258608,375.914602,1.490706,1.817934,0,0.88
Central Atlantic,0.1,Detroit-Toronto,7.1841,200,117231.29,33017.25,5059.339565,36346.801368,55189.73,91536.531368,25694.758632,0.21918,128.473793,1.952321,2.38088,0,0.94
Central Atlantic,0.1,Detroit-Nashville,7.1841,200,223887.85,69729.72,10684.909592,76761.459003,94754.49,171515.949003,52371.900997,0.23392,261.859505,1.605113,1.957455,0,0.9
Central Atlantic,0.1,Detroit-Indianapolis,7.1841,200,122386.64,35775.53,5481.999694,39383.233998,56301.7,95684.933998,26701.706002,0.218175,133.50853,1.662669,2.027645,0,0.935
Lower Atlantic,-0.1,Detroit-Chicago,5.3577,200,122907.58,35111.18,5380.199203,28825.493271,56712.11,85537.603271,37369.976729,0.304049,186.849884,1.548612,1.888552,0,0.915
Lower Atlantic,-0.1,Detroit-Cleveland,5.3577,200,81572.29,23142.27,3546.164572,18999.28593,44109.92,63109.20593,18463.08407,0.22634,92.31542,1.861574,2.270212,0,0.925
Lower Atlantic,-0.1,Detroit-Atlanta,5.3577,200,290721.1,90159.15,13815.376954,74018.645105,116287.13,190305.775105,100415.324895,0.345401,502.076624,1.316193,1.605114,0,0.88
Lower Atlantic,-0.1,Detroit-Toronto,5.3577,200,117231.29,33017.25,5059.339565,27106.423586,55189.73,82296.153586,34935.136414,0.298002,174.675682,1.755239,2.140536,0,0.94
Lower Atlantic,-0.1,Detroit-Nashville,5.3577,200,223887.85,69729.72,10684.909592,57246.540123,94754.49,152001.030123,71886.819877,0.321084,359.434099,1.422485,1.734737,0,0.9
Lower Atlantic,-0.1,Detroit-Indianapolis,5.3577,200,122386.64,35775.53,5481.999694,29370.909758,56301.7,85672.609758,36714.030242,0.299984,183.570151,1.48869,1.815475,0,0.935
Lower Atlantic,0.0,Detroit-Chicago,5.953,200,122907.58,35111.18,5380.199203,32028.325857,56712.11,88740.435857,34167.144143,0.277991,170.835721,1.606598,1.959266,0,0.915
Lower Atlantic,0.0,Detroit-Cleveland,5.953,200,81572.29,23142.27,3546.164572,21110.3177,44109.92,65220.2377,16352.0523,0.200461,81.760262,1.923844,2.346151,0,0.925
Lower Atlantic,0.0,Detroit-Atlanta,5.953,200,290721.1,90159.15,13815.376954,82242.939006,116287.13,198530.069006,92191.030994,0.317112,460.955155,1.373074,1.674481,0,0.88
Lower Atlantic,0.0,Detroit-Toronto,5.953,200,117231.29,33017.25,5059.339565,30118.248429,55189.73,85307.978429,31923.311571,0.272311,159.616558,1.819477,2.218874,0,0.94
Lower Atlantic,0.0,Detroit-Nashville,5.953,200,223887.85,69729.72,10684.909592,63607.266804,94754.49,158361.756804,65526.093196,0.292674,327.630466,1.482011,1.80733,0,0.9
Lower Atlantic,0.0,Detroit-Indianapolis,5.953,200,122386.64,35775.53,5481.999694,32634.344176,56301.7,88936.044176,33450.595824,0.273319,167.252979,1.545397,1.88463,0,0.935
Lower Atlantic,0.1,Detroit-Chicago,6.5483,200,122907.58,35111.18,5380.199203,35231.158442,56712.11,91943.268442,30964.311558,0.251932,154.821558,1.664583,2.02998,0,0.915
Lower Atlantic,0.1,Detroit-Cleveland,6.5483,200,81572.29,23142.27,3546.164572,23221.34947,44109.92,67331.26947,14241.02053,0.174582,71.205103,1.986115,2.422091,0.006608,0.925
Lower Atlantic,0.1,Detroit-Atlanta,6.5483,200,290721.1,90159.15,13815.376954,90467.232906,116287.13,206754.362906,83966.737094,0.288822,419.833685,1.429955,1.743848,0,0.88
Lower Atlantic,0.1,Detroit-Toronto,6.5483,200,117231.29,33017.25,5059.339565,33130.073272,55189.73,88319.803272,28911.486728,0.246619,144.557434,1.883714,2.297212,0,0.94
Lower Atlantic,0.1,Detroit-Nashville,6.5483,200,223887.85,69729.72,10684.909592,69967.993484,94754.49,164722.483484,59165.366516,0.264263,295.826833,1.541537,1.879923,0,0.9
Lower Atlantic,0.1,Detroit-Indianapolis,6.5483,200,122386.64,35775.53,5481.999694,35897.778593,56301.7,92199.478593,30187.161407,0.246654,150.935807,1.602104,1.953785,0,0.935
Midwest,-0.1,Detroit-Chicago,5.8734,200,122907.58,35111.18,5380.199203,31600.062,56712.11,88312.172,34595.408,0.281475,172.97704,1.598844,1.94981,0,0.915
Midwest,-0.1,Detroit-Cleveland,5.8734,200,81572.29,23142.27,3546.164572,20828.043,44109.92,64937.963,16634.327,0.203921,83.171635,1.915518,2.335997,0,0.925
Midwest,-0.1,Detroit-Atlanta,5.8734,200,290721.1,90159.15,13815.376954,81143.235,116287.13,197430.365,93290.735,0.320894,466.453675,1.365469,1.665206,0,0.88
Midwest,-0.1,Detroit-Toronto,5.8734,200,117231.29,33017.25,5059.339565,29715.525,55189.73,84905.255,32326.035,0.275746,161.630175,1.810887,2.208399,0,0.94
Midwest,-0.1,Detroit-Nashville,5.8734,200,223887.85,69729.72,10684.909592,62756.748,94754.49,157511.238,66376.612,0.296473,331.88306,1.474051,1.797624,0,0.9
Midwest,-0.1,Detroit-Indianapolis,5.8734,200,122386.64,35775.53,5481.999694,32197.977,56301.7,88499.677,33886.963,0.276884,169.434815,1.537814,1.875383,0,0.935
Midwest,0.0,Detroit-Chicago,6.526,200,122907.58,35111.18,5380.199203,35111.18,56712.11,91823.29,31084.29,0.252908,155.42145,1.662411,2.027331,0,0.915
Midwest,0.0,Detroit-Cleveland,6.526,200,81572.29,23142.27,3546.164572,23142.27,44109.92,67252.19,14320.1,0.175551,71.6005,1.983782,2.419246,0.005426,0.925
Midwest,0.0,Detroit-Atlanta,6.526,200,290721.1,90159.15,13815.376954,90159.15,116287.13,206446.28,84274.82,0.289882,421.3741,1.427824,1.741249,0,0.88
Midwest,0.0,Detroit-Toronto,6.526,200,117231.29,33017.25,5059.339565,33017.25,55189.73,88206.98,29024.31,0.247582,145.12155,1.881307,2.294277,0,0.94
Midwest,0.0,Detroit-Nashville,6.526,200,223887.85,69729.72,10684.909592,69729.72,94754.49,164484.21,59403.64,0.265328,297.0182,1.539307,1.877204,0,0.9
Midwest,0.0,Detroit-Indianapolis,6.526,200,122386.64,35775.53,5481.999694,35775.53,56301.7,92077.23,30309.41,0.247653,151.54705,1.59998,1.951195,0,0.935
Midwest,0.1,Detroit-Chicago,7.1786,200,122907.58,35111.18,5380.199203,38622.298,56712.11,95334.408,27573.172,0.224341,137.86586,1.725978,2.104852,0,0.915
Midwest,0.1,Detroit-Cleveland,7.1786,200,81572.29,23142.27,3546.164572,25456.497,44109.92,69566.417,12005.873,0.147181,60.029365,2.052046,2.502495,0.040023,0.925
Midwest,0.1,Detroit-Atlanta,7.1786,200,290721.1,90159.15,13815.376954,99175.065,116287.13,215462.195,75258.905,0.25887,376.294525,1.49018,1.817293,0,0.88
Midwest,0.1,Detroit-Toronto,7.1786,200,117231.29,33017.25,5059.339565,36318.975,55189.73,91508.705,25722.585,0.219417,128.612925,1.951728,2.380156,0,0.94
Midwest,0.1,Detroit-Nashville,7.1786,200,223887.85,69729.72,10684.909592,76702.692,94754.49,171457.182,52430.668,0.234183,262.15334,1.604563,1.956784,0,0.9
Midwest,0.1,Detroit-Indianapolis,7.1786,200,122386.64,35775.53,5481.999694,39353.083,56301.7,95654.783,26731.857,0.218421,133.659285,1.662145,2.027006,0,0.935
Gulf Coast,-0.1,Detroit-Chicago,5.3595,200,122907.58,35111.18,5380.199203,28835.177629,56712.11,85547.287629,37360.292371,0.303971,186.801462,1.548788,1.888765,0,0.915
Gulf Coast,-0.1,Detroit-Cleveland,5.3595,200,81572.29,23142.27,3546.164572,19005.669026,44109.92,63115.589026,18456.700974,0.226262,92.283505,1.861762,2.270441,0,0.925
Gulf Coast,-0.1,Detroit-Atlanta,5.3595,200,290721.1,90159.15,13815.376954,74043.512783,116287.13,190330.642783,100390.457217,0.345315,501.952286,1.316365,1.605324,0,0.88
Gulf Coast,-0.1,Detroit-Toronto,5.3595,200,117231.29,33017.25,5059.339565,27115.530398,55189.73,82305.260398,34926.029602,0.297924,174.630148,1.755434,2.140773,0,0.94
Gulf Coast,-0.1,Detroit-Nashville,5.3595,200,223887.85,69729.72,10684.909592,57265.77296,94754.49,152020.26296,71867.58704,0.320998,359.337935,1.422665,1.734957,0,0.9
Gulf Coast,-0.1,Detroit-Indianapolis,5.3595,200,122386.64,35775.53,5481.999694,29380.777357,56301.7,85682.477357,36704.162643,0.299903,183.520813,1.488861,1.815684,0,0.935
Gulf Coast,0.0,Detroit-Chicago,5.955,200,122907.58,35111.18,5380.199203,32039.086255,56712.11,88751.196255,34156.383745,0.277903,170.781919,1.606793,1.959503,0,0.915
Gulf Coast,0.0,Detroit-Cleveland,5.955,200,81572.29,23142.27,3546.164572,21117.410029,44109.92,65227.330029,16344.959971,0.200374,81.7248,1.924053,2.346406,0,0.925
Gulf Coast,0.0,Detroit-Atlanta,5.955,200,290721.1,90159.15,13815.376954,82270.569759,116287.13,198557.699759,92163.400241,0.317017,460.817001,1.373265,1.674714,0,0.88
Gulf Coast,0.0,Detroit-Toronto,5.955,200,117231.29,33017.25,5059.339565,30128.367108,55189.73,85318.097108,31913.192892,0.272224,159.565964,1.819692,2.219137,0,0.94
Gulf Coast,0.0,Detroit-Nashville,5.955,200,223887.85,69729.72,10684.909592,63628.636623,94754.49,158383.126623,65504.723377,0.292578,327.523617,1.482211,1.807574,0,0.9
Gulf Coast,0.0,Detroit-Indianapolis,5.955,200,122386.64,35775.53,5481.999694,32645.308175,56301.7,88947.008175,33439.631825,0.273229,167.198159,1.545587,1.884863,0,0.935
Gulf Coast,0.1,Detroit-Chicago,6.5505,200,122907.58,35111.18,5380.199203,35242.99488,56712.11,91955.10488,30952.47512,0.251835,154.762376,1.664798,2.030241,0,0.915
Gulf Coast,0.1,Detroit-Cleveland,6.5505,200,81572.29,23142.27,3546.164572,23229.151032,44109.92,67339.071032,14233.218968,0.174486,71.166095,1.986345,2.422372,0.006724,0.925
Gulf Coast,0.1,Detroit-Atlanta,6.5505,200,290721.1,90159.15,13815.376954,90497.626735,116287.13,206784.756735,83936.343265,0.288718,419.681716,1.430165,1.744104,0,0.88
Gulf Coast,0.1,Detroit-Toronto,6.5505,200,117231.29,33017.25,5059.339565,33141.203819,55189.73,88330.933819,28900.356181,0.246524,144.501781,1.883951,2.297501,0,0.94
Gulf Coast,0.1,Detroit-Nashville,6.5505,200,223887.85,69729.72,10684.909592,69991.500285,94754.49,164745.990285,59141.859715,0.264158,295.709299,1.541757,1.880192,0,0.9
Gulf Coast,0.1,Detroit-Indianapolis,6.5505,200,122386.64,35775.53,5481.999694,35909.838992,56301.7,92211.538992,30175.101008,0.246556,150.875505,1.602313,1.954041,0,0.935
Rocky Mountain,-0.1,Detroit-Chicago,5.7663,200,122907.58,35111.18,5380.199203,31023.842665,56712.11,87735.952665,35171.627335,0.286163,175.858137,1.588412,1.937088,0,0.915
Rocky Mountain,-0.1,Detroit-Cleveland,5.7663,200,81572.29,23142.27,3546.164572,20448.248774,44109.92,64558.168774,17014.121226,0.208577,85.070606,1.904315,2.322335,0,0.925
Rocky Mountain,-0.1,Detroit-Atlanta,5.7663,200,290721.1,90159.15,13815.376954,79663.608128,116287.13,195950.738128,94770.361872,0.325984,473.851809,1.355235,1.652726,0,0.88
Rocky Mountain,-0.1,Detroit-Toronto,5.7663,200,117231.29,33017.25,5059.339565,29173.669733,55189.73,84363.399733,32867.890267,0.280368,164.339451,1.79933,2.194305,0,0.94
Rocky Mountain,-0.1,Detroit-Nashville,5.7663,200,223887.85,69729.72,10684.909592,61612.394183,94754.49,156366.884183,67520.965817,0.301584,337.604829,1.463342,1.784564,0,0.9
Rocky Mountain,-0.1,Detroit-Indianapolis,5.7663,200,122386.64,35775.53,5481.999694,31610.854833,56301.7,87912.554833,34474.085167,0.281682,172.370426,1.527612,1.862942,0,0.935
Rocky Mountain,0.0,Detroit-Chicago,6.407,200,122907.58,35111.18,5380.199203,34470.936295,56712.11,91183.046295,31724.533705,0.258117,158.622669,1.65082,2.013195,0,0.915
Rocky Mountain,0.0,Detroit-Cleveland,6.407,200,81572.29,23142.27,3546.164572,22720.276416,44109.92,66830.196416,14742.093584,0.180724,73.710468,1.971334,2.404066,0,0.925
Rocky Mountain,0.0,Detroit-Atlanta,6.407,200,290721.1,90159.15,13815.376954,88515.120143,116287.13,204802.250143,85918.849857,0.295537,429.594249,1.416454,1.727383,0,0.88
Rocky Mountain,0.0,Detroit-Toronto,6.407,200,117231.29,33017.25,5059.339565,32415.188592,55189.73,87604.918592,29626.371408,0.252717,148.131857,1.868466,2.278618,0,0.94
Rocky Mountain,0.0,Detroit-Nashville,6.407,200,223887.85,69729.72,10684.909592,68458.215759,94754.49,163212.705759,60675.144241,0.271007,303.375721,1.527408,1.862693,0,0.9
Rocky Mountain,0.0,Detroit-Indianapolis,6.407,200,122386.64,35775.53,5481.999694,35123.172036,56301.7,91424.872036,30961.767964,0.252983,154.80884,1.588644,1.937371,0,0.935
Rocky Mountain,0.1,Detroit-Chicago,7.0477,200,122907.58,35111.18,5380.199203,37918.029924,56712.11,94630.139924,28277.440076,0.230071,141.3872,1.713228,2.089302,0,0.915
Rocky Mountain,0.1,Detroit-Cleveland,7.0477,200,81572.29,23142.27,3546.164572,24992.304057,44109.92,69102.224057,12470.065943,0.152871,62.35033,2.038354,2.485797,0.033084,0.925
Rocky Mountain,0.1,Detroit-Atlanta,7.0477,200,290721.1,90159.15,13815.376954,97366.632157,116287.13,213653.762157,77067.337843,0.26509,385.336689,1.477673,1.80204,0,0.88
Rocky Mountain,0.1,Detroit-Toronto,7.0477,200,117231.29,33017.25,5059.339565,35656.707451,55189.73,90846.437451,26384.852549,0.225067,131.924263,1.937603,2.36293,0,0.94
Rocky Mountain,0.1,Detroit-Nashville,7.0477,200,223887.85,69729.72,10684.909592,75304.037334,94754.49,170058.527334,53829.322666,0.24043,269.146613,1.591474,1.940822,0,0.9
Rocky Mountain,0.1,Detroit-Indianapolis,7.0477,200,122386.64,35775.53,5481.999694,38635.48924,56301.7,94937.18924,27449.45076,0.224285,137.247254,1.649676,2.0118,0,0.935
West Coast,-0.1,Detroit-Chicago,6.6213,200,122907.58,35111.18,5380.199203,35623.912984,56712.11,92336.022984,30571.557016,0.248736,152.857785,1.671694,2.038651,0,0.915
West Coast,-0.1,Detroit-Cleveland,6.6213,200,81572.29,23142.27,3546.164572,23480.219484,44109.92,67590.139484,13982.150516,0.171408,69.910753,1.993751,2.431403,0.010478,0.925
West Coast,-0.1,Detroit-Atlanta,6.6213,200,290721.1,90159.15,13815.376954,91475.755424,116287.13,207762.885424,82958.214576,0.285353,414.791073,1.43693,1.752354,0,0.88
West Coast,-0.1,Detroit-Toronto,6.6213,200,117231.29,33017.25,5059.339565,33499.405061,55189.73,88689.135061,28542.154939,0.243469,142.710775,1.891591,2.306818,0,0.94
West Coast,-0.1,Detroit-Nashville,6.6213,200,223887.85,69729.72,10684.909592,70747.991884,94754.49,165502.481884,58385.368116,0.26078,291.926841,1.548837,1.888825,0,0.9
West Coast,-0.1,Detroit-Indianapolis,6.6213,200,122386.64,35775.53,5481.999694,36297.964571,56301.7,92599.664571,29786.975429,0.243384,148.934877,1.609058,1.962266,0,0.935
West Coast,0.0,Detroit-Chicago,7.357,200,122907.58,35111.18,5380.199203,39582.125538,56712.11,96294.235538,26613.344462,0.216531,133.066722,1.743355,2.126043,0,0.915
West Coast,0.0,Detroit-Cleveland,7.357,200,81572.29,23142.27,3546.164572,26089.13276,44109.92,70199.05276,11373.23724,0.139425,56.866186,2.070707,2.525253,0.049481,0.925
West Coast,0.0,Detroit-Atlanta,7.357,200,290721.1,90159.15,13815.376954,101639.728249,116287.13,217926.858249,72794.241751,0.250392,363.971209,1.507226,1.838081,0,0.88
West Coast,0.0,Detroit-Toronto,7.357,200,117231.29,33017.25,5059.339565,37221.561178,55189.73,92411.291178,24819.998822,0.211718,124.099994,1.970978,2.403632,0,0.94
West Coast,0.0,Detroit-Nashville,7.357,200,223887.85,69729.72,10684.909592,78608.879871,94754.49,173363.369871,50524.480129,0.225669,252.622401,1.622402,1.978539,0,0.9
West Coast,0.0,Detroit-Indianapolis,7.357,200,122386.64,35775.53,5481.999694,40331.071745,56301.7,96632.771745,25753.868255,0.21043,128.769341,1.679139,2.047731,0,0.935
West Coast,0.1,Detroit-Chicago,8.0927,200,122907.58,35111.18,5380.199203,43540.338092,56712.11,100252.448092,22655.131908,0.184327,113.27566,1.815017,2.213435,0,0.915
West Coast,0.1,Detroit-Cleveland,8.0927,200,81572.29,23142.27,3546.164572,28698.046036,44109.92,72807.966036,8764.323964,0.107442,43.82162,2.147664,2.619103,0.088485,0.925
West Coast,0.1,Detroit-Atlanta,8.0927,200,290721.1,90159.15,13815.376954,111803.701073,116287.13,228090.831073,62630.268927,0.215431,313.151345,1.577523,1.923808,0,0.88
West Coast,0.1,Detroit-Toronto,8.0927,200,117231.29,33017.25,5059.339565,40943.717296,55189.73,96133.447296,21097.842704,0.179968,105.489214,2.050366,2.500446,3.9e-05,0.94
West Coast,0.1,Detroit-Nashville,8.0927,200,223887.85,69729.72,10684.909592,86469.767858,94754.49,181224.257858,42663.592142,0.190558,213.317961,1.695967,2.068253,0,0.9
West Coast,0.1,Detroit-Indianapolis,8.0927,200,122386.64,35775.53,5481.999694,44364.17892,56301.7,100665.87892,21720.76108,0.177477,108.603805,1.74922,2.133195,0.003077,0.935
West Coast less California,-0.1,Detroit-Chicago,5.9787,200,122907.58,35111.18,5380.199203,32166.596976,56712.11,88878.706976,34028.873024,0.276866,170.144365,1.609101,1.962319,0,0.915
West Coast less California,-0.1,Detroit-Cleveland,5.9787,200,81572.29,23142.27,3546.164572,21201.454129,44109.92,65311.374129,16260.915871,0.199344,81.304579,1.926532,2.34943,0,0.925
West Coast less California,-0.1,Detroit-Atlanta,5.9787,200,290721.1,90159.15,13815.376954,82597.994193,116287.13,198885.124193,91835.975807,0.31589,459.179879,1.37553,1.677476,0,0.88
West Coast less California,-0.1,Detroit-Toronto,5.9787,200,117231.29,33017.25,5059.339565,30248.273456,55189.73,85438.003456,31793.286544,0.271201,158.966433,1.82225,2.222256,0,0.94
West Coast less California,-0.1,Detroit-Nashville,5.9787,200,223887.85,69729.72,10684.909592,63881.86898,94754.49,158636.35898,65251.49102,0.291447,326.257455,1.484581,1.810464,0,0.9
West Coast less California,-0.1,Detroit-Indianapolis,5.9787,200,122386.64,35775.53,5481.999694,32775.231568,56301.7,89076.931568,33309.708432,0.272168,166.548542,1.547845,1.887616,0,0.935
West Coast less California,0.0,Detroit-Chicago,6.643,200,122907.58,35111.18,5380.199203,35740.663307,56712.11,92452.773307,30454.806693,0.247786,152.274033,1.673808,2.041229,0,0.915
West Coast less California,0.0,Detroit-Cleveland,6.643,200,81572.29,23142.27,3546.164572,23557.171255,44109.92,67667.091255,13905.198745,0.170465,69.525994,1.996021,2.434171,0.011628,0.925
West Coast less California,0.0,Detroit-Atlanta,6.643,200,290721.1,90159.15,13815.376954,91775.549104,116287.13,208062.679104,82658.420896,0.284322,413.292104,1.439004,1.754883,0,0.88
West Coast less California,0.0,Detroit-Toronto,6.643,200,117231.29,33017.25,5059.339565,33609.192729,55189.73,88798.922729,28432.367271,0.242532,142.161836,1.893933,2.309674,0,0.94
West Coast less California,0.0,Detroit-Nashville,6.643,200,223887.85,69729.72,10684.909592,70979.854422,94754.49,165734.344422,58153.505578,0.259744,290.767528,1.551006,1.891471,0,0.9
West Coast less California,0.0,Detroit-Indianapolis,6.643,200,122386.64,35775.53,5481.999694,36416.923964,56301.7,92718.623964,29668.016036,0.242412,148.34008,1.611125,1.964786,0,0.935
West Coast less California,0.1,Detroit-Chicago,7.3073,200,122907.58,35111.18,5380.199203,39314.729637,56712.11,96026.839637,26880.740363,0.218707,134.403702,1.738514,2.120139,0,0.915
West Coast less California,0.1,Detroit-Cleveland,7.3073,200,81572.29,23142.27,3546.164572,25912.88838,44109.92,70022.80838,11549.48162,0.141586,57.747408,2.065509,2.518913,0.046847,0.925
West Coast less California,0.1,Detroit-Atlanta,7.3073,200,290721.1,90159.15,13815.376954,100953.104014,116287.13,217240.234014,73480.865986,0.252754,367.40433,1.502478,1.83229,0,0.88
West Coast less California,0.1,Detroit-Toronto,7.3073,200,117231.29,33017.25,5059.339565,36970.112002,55189.73,92159.842002,25071.447998,0.213863,125.35724,1.965615,2.397092,0,0.94
West Coast less California,0.1,Detroit-Nashville,7.3073,200,223887.85,69729.72,10684.909592,78077.839865,94754.49,172832.329865,51055.520135,0.228041,255.277601,1.617432,1.972478,0,0.9
West Coast less California,0.1,Detroit-Indianapolis,7.3073,200,122386.64,35775.53,5481.999694,40058.616361,56301.7,96360.316361,26026.323639,0.212657,130.131618,1.674405,2.041957,0,0.935
California,-0.1,Detroit-Chicago,7.3629,200,122907.58,35111.18,5380.199203,39613.868713,56712.11,96325.978713,26581.601287,0.216273,132.908006,1.74393,2.126744,0,0.915
California,-0.1,Detroit-Cleveland,7.3629,200,81572.29,23142.27,3546.164572,26110.055131,44109.92,70219.975131,11352.314869,0.139169,56.761574,2.071325,2.526006,0.049794,0.925
California,-0.1,Detroit-Atlanta,7.3629,200,290721.1,90159.15,13815.376954,101721.238973,116287.13,218008.368973,72712.731027,0.250112,363.563655,1.50779,1.838769,0,0.88
California,-0.1,Detroit-Toronto,7.3629,200,117231.29,33017.25,5059.339565,37251.411282,55189.73,92441.141282,24790.148718,0.211464,123.950744,1.971615,2.404409,0,0.94
California,-0.1,Detroit-Nashville,7.3629,200,223887.85,69729.72,10684.909592,78671.920838,94754.49,173426.410838,50461.439162,0.225387,252.307196,1.622992,1.979258,0,0.9
California,-0.1,Detroit-Indianapolis,7.3629,200,122386.64,35775.53,5481.999694,40363.415544,56301.7,96665.115544,25721.524456,0.210166,128.607622,1.679701,2.048416,0,0.935
California,0.0,Detroit-Chicago,8.181,200,122907.58,35111.18,5380.199203,44015.409681,56712.11,100727.519681,22180.060319,0.180461,110.900302,1.823618,2.223924,0,0.915
California,0.0,Detroit-Cleveland,8.181,200,81572.29,23142.27,3546.164572,29011.172367,44109.92,73121.092367,8451.197633,0.103604,42.255988,2.156901,2.630367,0.093166,0.925
California,0.0,Detroit-Atlanta,8.181,200,290721.1,90159.15,13815.376954,113023.598858,116287.13,229310.728858,61410.371142,0.211235,307.051856,1.58596,1.934097,0,0.88
California,0.0,Detroit-Toronto,8.181,200,117231.29,33017.25,5059.339565,41390.45698,55189.73,96580.18698,20651.10302,0.176157,103.255515,2.059894,2.512066,0.004687,0.94
California,0.0,Detroit-Nashville,8.181,200,223887.85,69729.72,10684.909592,87413.245375,94754.49,182167.735375,41720.114625,0.186344,208.600573,1.704797,2.07902,0,0.9
California,0.0,Detroit-Indianapolis,8.181,200,122386.64,35775.53,5481.999694,44848.239493,56301.7,101149.939493,21236.700507,0.173521,106.183503,1.757632,2.143453,0.007901,0.935
California,0.1,Detroit-Chicago,8.9991,200,122907.58,35111.18,5380.199203,48416.950649,56712.11,105129.060649,17778.519351,0.144649,88.892597,1.903305,2.321104,0.04311,0.915
California,0.1,Detroit-Cleveland,8.9991,200,81572.29,23142.27,3546.164572,31912.289604,44109.92,76022.209604,5550.080396,0.068039,27.750402,2.242477,2.734728,0.136538,0.925
California,0.1,Detroit-Atlanta,8.9991,200,290721.1,90159.15,13815.376954,124325.958744,116287.13,240613.088744,50108.011256,0.172358,250.540056,1.664129,2.029426,0.00932,0.88
California,0.1,Detroit-Toronto,8.9991,200,117231.29,33017.25,5059.339565,45529.502678,55189.73,100719.232678,16512.057322,0.14085,82.560287,2.148173,2.619723,0.047744,0.94
California,0.1,Detroit-Nashville,8.9991,200,223887.85,69729.72,10684.909592,96154.569913,94754.49,190909.059913,32978.790087,0.1473,164.89395,1.786601,2.178782,0.039877,0.9
California,0.1,Detroit-Indianapolis,8.9991,200,122386.64,35775.53,5481.999694,49333.063442,56301.7,105634.763442,16751.876558,0.136877,83.759383,1.835562,2.23849,0.052589,0.935
