month,segment,units,price_per_unit_usd,variable_cost_per_unit_usd,fixed_cost_usd,operating_expense_usd
2026-01,Core,832,410.62,248.5,89089.0,61122.0
2026-01,Enterprise,275,1121.68,606.21,76076.0,82164.0
2026-01,Services,496,285.43,108.22,42042.0,51102.0
2026-02,Core,819,411.23,248.99,89178.0,61244.0
2026-02,Enterprise,271,1123.36,607.42,76152.0,82328.0
2026-02,Services,488,285.85,108.43,42084.0,51204.0
2026-03,Core,896,411.84,249.49,89267.0,61366.0
2026-03,Enterprise,296,1125.04,608.63,76228.0,82492.0
2026-03,Services,534,286.28,108.65,42126.0,51306.0
2026-04,Core,883,412.46,249.98,89356.0,61488.0
2026-04,Enterprise,292,1126.72,609.84,76304.0,82656.0
2026-04,Services,526,286.71,108.86,42168.0,51408.0
2026-05,Core,925,413.08,250.48,89445.0,61610.0
2026-05,Enterprise,306,1128.4,611.05,76380.0,82820.0
2026-05,Services,551,287.14,109.08,42210.0,51510.0
2026-06,Core,912,413.69,250.98,89534.0,61732.0
2026-06,Enterprise,302,1130.08,612.26,76456.0,82984.0
2026-06,Services,543,287.56,109.3,42252.0,51612.0
