day,market_return,sector_return,RailCo_return,TransitTech_return,FreightSystems_return
1,-0.0027621431470969153,0.01044938281329876,-0.0008567337534579741,0.0031950026592898234,0.0015137859915801898
2,-0.0024776648007766655,0.0036286411364388456,0.006688875352665748,-0.0030594364870408252,0.0019677752939503204
3,-0.003432914272942975,-0.019657238039622424,-0.013760263116754453,-0.009407863344946692,-0.008398983237195186
4,-0.001089950592413007,0.0062175282940725085,0.0009089326539299967,0.011960870078569226,0.001150970035292305
5,-0.0004451493533732294,-0.011960428313380143,-0.00884611435085338,-0.011689532260476384,-0.001643692158609533
6,-0.0051284081991625555,0.0007222005301308918,-0.0006181960790908473,-0.0020542303311290025,-0.006194385323808482
7,-0.00473495267913143,0.012983261774667874,0.005132953363588956,0.0021988427736183967,0.0005384513973478661
8,-0.017093551675383897,-0.006506707726508343,-0.01828368894158449,-0.019931167017555554,-0.022438988195017506
9,-0.006226291327516228,-0.004043343876329495,-0.015643823230061152,-0.0018574419036613632,-0.005325592886352891
10,0.008468136294294248,0.00032740438907528463,0.00816174063072312,0.0009881109536186497,0.022348341445132897
11,0.011545732114957921,-0.00019798607343091536,0.015612103721210314,0.004226978714962959,0.0242351409354055
12,-0.006838861675730989,-0.0059619832228667725,-0.007285667138031455,-0.010970075011165916,-0.008426823235904575
13,0.002385295568156175,-0.008929145709186062,0.00016293012763383074,-0.00753595361952682,0.004734141338290455
14,0.0008864546747211526,0.007316331204503434,0.0063278352670826845,0.00610282017582046,0.010828297838979718
15,-0.01035825220243878,-0.008509498456395549,-0.019640852720472043,-0.019998412961092962,-0.013733931871046604
16,0.004383200176038415,-0.004164379679682253,0.006302067565794422,-0.003299257431903428,0.004745459727256244
17,0.0055548484853371926,-0.0036384049220601674,0.003269205163579088,0.0065885158320428214,0.0005713439991033324
18,-0.00649434881107534,-0.0021708638205564517,-0.0027320451389088512,-0.010612341384059289,0.0030057897830814747
19,0.0012034357301255161,0.0017320661082068196,0.002928961870967312,0.0005517631658443021,0.008045003039256945
20,-0.027469226692912383,-0.002748321993055292,-0.03519793097880446,-0.028415378231849385,-0.036938391674250524
21,-0.0024798325476998884,0.00803850153030201,-0.005144306628312391,-0.0009622250876474749,0.0035271811010310723
22,-0.0008900971905816363,0.0014886791440964005,-0.006019133518370421,-0.0009329988853452393,0.0014049556772073382
23,-0.00632964944158861,0.00429808552929916,-0.0025271806025927834,0.002179028664820138,-0.013368021480311278
24,0.009519379376475505,-0.003624645102364968,0.010896195384870567,0.00333241096116156,0.019986141397567457
25,-0.019244710207803845,-0.0014320807551637324,-0.029238728618217493,-0.01831697106133548,-0.030881190148844655
26,0.010810718817666461,-0.005908909051496413,0.004631728053536523,0.004834541895828834,0.007714260146135472
27,0.0018979078158445557,0.0003783685640307902,0.0019390097173339984,0.008109435996032586,-0.001009725427027478
28,-0.021550657728926448,-0.005310179990575142,-0.030903017050985648,-0.02612096959730245,-0.03113720077404174
29,0.0011856667413055143,0.003287561345617327,0.002980924137771958,0.010557677362935714,0.004196065764561991
30,0.00986860785792467,0.016908595503185412,0.01314089112806818,0.02382740646935085,0.02721252306186556
31,0.009352530833685643,0.0027433668115279075,0.008483714229715427,0.004533291606776092,0.0014739131196624278
32,-0.005070069730799946,0.00010232824001180576,-0.001636026074371483,0.002210174700191904,-0.00604379470184057
33,-0.001005588898368432,0.00846631918594683,0.007869573692974828,0.003118741152152388,0.003457081944409285
34,-0.005954407307014131,-0.006113263082515374,-0.011817673495171255,-0.010683619264467356,-0.014534453054002545
35,0.007787051661310099,-0.005878715868639792,0.002331823465381824,-0.006685526314835604,0.003697192150308089
36,-0.006658565860914377,0.0045046015093981855,-0.002119501506836407,-0.015197026378770715,-0.006723607259175887
37,-0.011652245758586689,-0.008655983125756252,-0.01875030338618349,-0.014271319402371465,-0.01641112516618254
38,0.00124329479364401,-0.002574186082602389,0.0046407158653978195,0.003933496999812894,-0.0005388157964841374
39,-0.01077029401468146,-0.0037414852638586907,-0.007302688082139591,-0.01107984932687416,-0.01441161815477722
40,0.01901459201629639,-0.0037086114375076674,0.018983952112617546,0.009800385656778795,0.017925260093524825
41,-0.011327643237181176,0.0019726232014082726,-0.013038124512069357,-0.017399418529872625,-0.015768425439296442
42,-0.016181420799461745,-0.005583460737620892,-0.02109483786809998,-0.007749470937961342,-0.018225313431779806
43,0.005565019257940882,9.963468232824135e-06,0.0037616565844816705,0.007633150196713065,0.00708996163303355
44,-0.01223905919753771,-0.005886128332981465,-0.014295490050939275,-0.006201900069326149,-0.014068443639236778
45,-0.002493865366091564,0.0031678488922555507,-0.0031184879053340296,0.002944513952749381,0.0036015435692965062
46,-0.009520986113780796,0.00291790181409654,-0.01083488253272829,-0.004924794775728436,-0.008939939961050547
47,-0.00338903450759777,0.006798308429667579,-0.004103680405246115,-0.0010996410004131835,-0.004119824834169804
48,-0.011018478455923643,0.0028405612088356256,-0.020724427271222264,-0.006980040715174666,-0.01424519773889391
49,0.006649480460904427,-0.004719254822928156,0.00740654121454578,0.00864965331888094,0.003654352447215208
50,0.002970146330849175,0.0023873816576881098,0.01005581241273271,0.0035629708162663826,-0.00974404552564672
51,-0.0030843969864599065,0.0018558624808654581,-0.0052557501003961705,0.0036384335991328856,-0.004594818825434973
52,-0.012810658788768133,0.004552575327952285,-0.012829989154527726,-0.0073394918392486325,-0.016608757931809534
53,-0.0032684060016810396,0.003322209523763583,0.004850074868188994,0.0007782069619386924,0.001547242404196389
54,-0.010976133474352525,0.006163530994297455,-0.008816278687606732,-0.0043346416618614,-0.0033061741306858548
55,0.018654091038907625,-0.005207762909633085,0.022190536048255535,0.016856020997003278,0.03958579208616185
56,0.013735661458358197,0.006901748761138966,0.0202591269295297,0.020372444699811962,0.01863809283308679
57,0.002037070013876272,-0.013788448187478132,-0.004590397008425581,-0.0088750821317407,-0.007930753202215044
58,0.02332500334542343,0.0054898159484507575,0.026386550366520097,0.025910178016319715,0.026369405592371657
59,-0.014890137320504149,-0.0013600344001660296,-0.023286575172598578,-0.02060289447345349,-0.012828993902354638
60,0.0012940432608764237,0.001811966070856681,0.0053229562697722325,0.003600165206608397,-0.0056778252962950745
61,0.01293675894728754,0.0030002413269808667,0.018314134611581424,0.01571421294354287,0.01452165931766169
62,-0.006688670486361486,-0.001949025878018891,-0.008116741242498745,-0.008736070137570492,-0.005413027585086735
63,0.005368711970923146,0.001485829051998943,0.011321226738094145,0.0021824819548003195,-0.0028745625814248898
64,-0.0033275793928401872,-0.00999877790623333,-0.004199296175065611,0.0021757638396584546,-0.006148898893611977
65,0.00567871201455802,0.009741415131378885,0.010754450449478252,0.013304601624394036,0.015342154377520054
66,0.007041993469079592,0.00036949696775408946,0.0033147950365880283,-0.0010961930807651737,0.011820179491027727
67,-0.023023846047958044,0.007004666356898889,-0.012146580657298222,-0.010506405845409635,-0.025876151976403545
68,0.006824792425906701,-0.0007094966666788224,0.005913199036252372,0.0047515126404182925,-0.013741709379038115
69,-0.003956319709974302,0.004806756812623416,-8.435934519147523e-05,-0.0010306467557892611,-0.0006717335052252209
70,-0.009867588867026563,-0.015261921244319543,-0.024965998488398637,-0.03131413898067878,-0.01902641996644578
71,-0.0020063603338065098,0.0016532270670272437,0.0027201650158211895,0.0020012648026315433,-0.006856064020282772
72,-0.005315571458594275,0.005054905654199123,-0.0068908426383419135,0.005024994909784005,-0.008579654276355132
73,-0.00869421913776482,-0.004425714944566627,-0.0011433807500931085,-0.003815246389108494,-0.014076737234131132
74,-0.013243811373509214,0.0021600161736045876,-0.014254200896751787,-0.006188089620151856,-0.01379862134330211
75,-0.010727014717799162,-0.009058426713519427,-0.01561935883210078,-0.0036615676573458125,-0.010856411218749702
76,-0.00010781562737297311,-0.00016700057176862566,-0.003938846728896405,-0.0038476807842516125,0.004131797150553484
77,0.00419393087374251,0.0055589232111671535,0.007717938402539624,0.009093936606687787,0.01475672737523783
78,-0.017417444719137806,0.0007044563591199366,-0.027205236493949635,-0.014116164132124177,-0.03586122878202584
79,-0.003598238951590803,0.007816668163284047,0.0033756653356391327,-0.0001068055857611854,-0.0012738662453613573
80,0.013910419807714866,0.004984915019890638,0.02232175315246972,0.013326774360614222,0.029150255806121943
81,0.001611689829977914,-0.0036722055109097156,0.0014465503535811366,-0.001707098481493699,0.005184604726639505
82,-0.008204486469204152,-0.0042310142751132785,-0.013465335745018441,-0.012643004729645326,-0.006400725310118687
83,-0.02433036299950646,0.02014915270247898,-0.011896222143083428,-0.004336908661484562,-0.01985668138615016
84,0.0001283758381396212,0.00036472278249161496,-0.0029809909688952698,0.0027548137269265533,-0.003943461691705199
85,-0.0022125352868357165,-0.0010901562664183007,-0.0025447852545232106,-0.005298395753074298,-0.004914195269376996
86,0.009012788353405285,-0.019995772358899752,-0.00030354696720691983,0.0059904642802009874,0.008446616524769903
87,-0.006868927679037877,0.009046264114407924,-0.011539603621198009,0.002926334907304004,-0.006101076941822094
88,-0.007124667858976275,0.0014385363576150084,-0.008636619531385606,-0.008978273500492476,0.0038268554098342573
89,-0.013823245013590526,0.0017697913929685923,-0.015306710734076823,-0.015265617117895678,-0.017284580528192695
90,0.003222046762911028,-0.0014827715356851776,0.0016566806436261764,0.013193284251969271,-0.0007094099876856896
91,0.004200676452646604,-0.0012446763536143074,0.005296752687131917,0.006832505012267317,0.0019093172366665295
92,-0.011696693042229901,0.0022554031606528938,-0.012757044705407616,-0.00852802125444147,-0.018968902496153257
93,-0.012098271243378173,-0.0027642812446371763,-0.022324016486354285,-0.010234849161499122,-0.006481270243672692
94,-0.006816752637835465,0.0032561535664715952,-0.010576877104483538,-0.002234115120202114,-0.00028300171995566253
95,0.0002993571977442786,-0.005851707268573906,-0.006465484613361588,-0.005737141847237738,-0.004289086584064064
96,-0.00905361138485625,-0.018359636357961704,-0.022375838169651375,-0.02303082184779156,-0.018524927092542342
97,-0.0027974504722173997,-0.009453249296524075,-0.010426375957821747,-0.012923474320981586,-0.003148048970458187
98,0.004190987950496184,-0.0037208793064180262,0.009766692804679747,0.0010758178532026548,0.0031529904804178397
99,0.01924222916848842,0.000444713168015235,0.02310579768905468,0.02733906804094026,0.0179285822058579
100,-0.0020080947080376443,0.008309367841685358,-0.007826815900036227,0.006260249255215991,-0.00476017909379841
101,-0.0010930951964594896,-0.005079280443090612,-0.004321611490447842,0.0043870833410421415,-0.010555347784150664
102,0.0016585656913887473,0.0015070015214976936,0.004679536000580573,0.0031383915038734893,0.009589689911068788
103,-0.005373389103723989,-0.0020981111311776336,-0.004737643051454491,-0.010502532925277664,-0.013460773815078394
104,-0.0011254218177357013,-0.009039778237379127,0.0034057038138914876,-0.004490163175716015,-0.013938027258478246
105,0.006581973402241759,-0.008382361301629478,0.0018885743932749869,0.0011237266788739436,0.0004471058259984291
106,-0.0042979919610751476,-0.0002479243533139072,-0.001239566800231779,-0.005918500122017887,-0.004348625585612118
107,-0.011399861177672726,0.002409777745121721,-0.014631337722780774,-0.010410292937523127,-0.01969141818487701
108,-0.010127445621176314,0.008075818321000367,-0.0009216263614094432,0.007593759173619737,-0.005279199593726856
109,-0.01890125035550818,-0.00045108585804459755,-0.025028322773931706,-0.013555729838315867,-0.01577505526173007
110,0.0012650611353608855,-0.005174721830387902,-0.0060780279918635745,1.3004067597978917e-05,0.004140796561545937
111,-0.0036377672379947525,0.0020229250223181418,0.0003356625170843905,0.004579455722124736,-0.011344417686618997
112,-0.011594074514947893,-0.0007132939268228556,-0.008248827257163922,0.0024238951868984886,0.00013489466536131638
113,0.010990061438791318,-0.007528050761425929,0.008348459759161061,0.0022910549234873793,0.012352095843092646
114,0.004135324498484176,0.005902915889085734,0.002768465344817086,0.005382171592330624,0.006740830316229971
115,0.007789045856098942,-0.006995993693722854,0.007822538380616757,0.0013785935894020588,0.00847867417935575
116,0.005929711991093992,-0.008407727940951687,0.0060871506019878965,0.002339292216953713,0.00662285778345641
117,0.004374008420136728,0.0057832454467622195,0.008806681191530694,0.006355110863297976,0.0003725033256493813
118,0.016033874809746818,0.001917817435698998,0.008816007181763232,0.012422553113169662,0.006070817000308893
119,0.0014814467022104937,0.005181066881867845,0.002116026988497801,0.008050187308504863,-0.00016656993941075587
120,0.012514555230505138,-0.0033938579902926974,0.01506766270138242,0.0042459358821285795,0.015422496227687021
121,-0.0013404170645178548,-3.13930133899149e-05,-0.005362118767843161,-0.002112921853663011,0.004652196866765138
122,0.010782022642279948,-0.0067694550391324245,0.010740108211385477,0.0031320048130118274,0.004746860911534598
123,0.011111771543483074,-0.0003310133858507907,0.012109685848912373,0.006783468306837154,0.017058042914275644
124,-0.003322359653778471,-0.010113499529114368,-0.00962717748960344,-0.006622604182460393,0.011492192809698794
125,-0.0031144431467398275,-0.0008647903376508617,-0.006719373259650141,-0.011073903490770434,-0.015009628695180797
126,0.007721237743957614,-0.005656778331249658,0.005647129851632465,0.008134001413290463,0.00431739109663836
127,-0.009603654369725495,-0.0028169286843553127,-0.011518020311479074,-0.014958325118560838,-0.013741241934077676
128,0.000381548795561562,-0.000141391161278293,0.0036527979349168884,0.0024153364686461116,-0.003886110415693223
129,0.013485603541126153,-0.011364316553542038,0.013342432787059762,-0.008877263184523226,0.0046868271850265715
130,-0.003369331683173175,-0.008105054317696743,0.0019230172660338486,-0.013489055157926866,0.001355429037790859
131,-0.008051654602992828,0.00669783395126116,-0.0037569746627135014,-0.0020721623294840453,-0.012399956995421579
132,-0.0027752454790247382,-3.101620787271812e-05,-0.003880184857093113,0.0015518211993529743,-0.011080911194975573
133,0.0005359790385490244,0.008712773702967094,-0.0008031615664976302,0.002380563667075516,0.005842588028865264
134,0.010166301012410821,0.01020172734507064,0.012178505153478616,0.023674081131505674,0.013254515871976768
135,-0.029527658881676695,0.0077045769456757715,-0.029098044172183497,-0.020817518816880792,-0.024169185860446876
136,-0.0032963275652025913,-8.210580384066352e-05,-0.0041123098880014525,-0.006947388657863527,0.0035194714670838453
137,-0.0001307360824108191,-0.0015541687050856703,0.000988344434166359,-0.006780884211390687,-0.0010581090314500737
138,-0.0009305299867680653,-0.0001675978909208137,0.00894381501074799,-0.0014023670012374453,0.010134063945862519
139,0.00909438368315719,0.004215486152970686,0.011156816325504889,0.009943442751764857,0.015401123691965227
140,-0.00956602207310184,-0.0030525730785429727,-0.006352127084969645,-0.012048811059695724,-0.018124114092930632
141,-0.005880015215454912,-0.0028711997093845837,-0.008793499306112867,-0.006409940734180206,-0.010005248251662362
142,0.009739959904604228,0.0010531600270343377,0.012892604480951144,0.0026898658762329808,0.01400371202416449
143,-0.0014440763303620082,-0.0021823470264345215,-0.0004370267055635096,0.0005627475268297965,0.003049058236893748
144,0.003002808940578211,0.01702656996949705,0.018594972221048053,0.013502644002044472,0.008897826898689083
145,-0.025346927027174736,0.002746344459417343,-0.02707654051493494,-0.014744264235570305,-0.029352915665309648
146,0.007443259509328011,0.0020605963255412494,0.012030871988515577,0.009817376951197655,0.0032507828149160355
147,0.012714903480649183,0.0040908690861181235,0.01660074673731629,0.014161953921111255,0.02937726192792629
148,-0.004096879261107408,0.00027316352361801856,-0.012451117816481339,-0.002532052113652119,-0.003529451960016437
149,-0.0012317540364259257,0.0015974809456006877,-0.004117687248356146,-0.006821718912739476,0.004242648676850966
150,-0.0027360460840524558,0.0015448909919806326,0.004294640673784177,0.0034521392457376315,-5.8696789386806364e-05
151,0.0025594657679452225,-0.013878907718209545,-0.0006665335112250289,-0.011074264591384044,0.0026101097977714234
152,-0.016444747128281374,0.003979504194497915,-0.01860525776357984,-0.009296807135409797,-0.018266009403869875
153,0.009583572859147144,-0.008153986420382682,0.005191679339277323,0.006224260046118526,0.014447535673098241
154,-0.0054334983607955255,-0.0004071791345406066,-0.002862114812700361,0.0007029088333073289,-0.006774686483537642
155,0.008154624750807589,0.003063873210738442,0.010459259059198553,0.007850700536699565,0.022413628053894664
156,0.00972173073020553,0.002827278686196636,0.009666527772070404,0.01069634755875488,0.02014204618642417
157,0.0041676375046422786,0.0020523150359379903,0.0028383910306496187,0.010377446357414229,0.003998663082425937
158,0.004894285958072835,-0.003730790206162002,-0.005815962105706422,0.001133975613127989,0.003603393589448887
159,0.0011507099537171445,0.015150571590057452,0.00556611838357382,0.014966726670114068,0.002578225206861024
160,0.00273799275867321,-0.0005583557434050992,-0.002212066254781811,0.0038525556726864627,0.00507735470394902
161,-0.005446293220850888,6.78401763726967e-05,-0.0075489492901435265,-0.013369639909320469,-0.013917499963288924
162,0.00664264996462751,0.009972956934539387,0.01107639561672324,0.016586921707357403,0.009512689419241662
163,-0.012747566346881,0.007619851227731842,-0.016934211349628105,-0.005733390999574204,-0.0200033450961618
164,-0.006462474651659718,0.005223004455674293,-0.007899776918028147,-0.006147730108678024,-0.008945752052297737
165,-0.0025166374133828657,-0.0006165566821856268,-0.0034548802599733072,-0.006331340023357443,0.0028248113130168342
166,-0.002172861718791045,-0.004299960117680421,0.003644854037726278,-0.0034712957416797577,-0.0020084885786945893
167,-0.008293586830676864,-0.004523474071243776,-0.005382483382515018,-0.010636790635989464,-0.01514659680687048
168,0.018258466429525555,-0.005061600367927123,0.016382106204290224,0.010424716970793597,0.022535018719025315
169,-0.0020527920571449497,-0.004968926782770185,-0.015757806438422166,-0.009614024852255735,-0.0029405827407799814
170,0.004329417472693253,-0.010828479481875902,0.00973712058430155,7.460234599445358e-05,-0.0011264491820070608
171,0.006452279226376454,0.0003746096230234889,0.0011030398436888723,0.011548924764815383,0.008490532032187715
172,-0.007766719756434535,0.007964416207662474,0.0036010844096879893,0.004981478092410046,0.005174368497835809
173,-0.009581947280471194,0.01252489090280589,-0.005810272958763341,-0.00036553812528012774,-0.014353248957805964
174,-0.01438957557479261,-0.003912322743378858,-0.018739824658889487,-0.01067329683993366,-0.01797382144914333
175,0.011436955247960196,-0.0017564068586421162,0.01187026952134791,0.009252842366714559,0.008672972764412964
176,-0.00707948480655426,-0.0006455904088515499,-0.004455403054225435,-0.008326871389348836,-0.012332952987472286
177,0.0013714685213934846,0.003555606578575749,0.0023566727230453902,0.001421284865252964,0.0004621698270878918
178,0.0032420669975394964,-0.004832992349175404,0.0029841945770047876,0.003911633677848591,-0.006205122781114846
179,0.02020369756558118,-0.003587378159519015,0.020170466153107195,0.016757007688690855,0.028994888399908166
180,-0.0002333757311500375,-0.006885605783316128,-0.0037272744982674655,-0.0146896701570783,0.0005663854558826541
181,0.0008490488687578989,-0.007208721212502998,-0.004879217482403988,-0.005705581767887696,-0.009523408219692955
182,0.013835832150435646,-0.0019589539300032765,0.014012743798959842,0.014858987645138277,0.015770265966226864
183,-0.007379704192415123,0.0023613337370936038,-0.011618483056458864,-0.005917400977006009,-0.004616040894832425
184,0.0138354579741353,-0.001238623538509628,0.01606889471080175,0.011055581863709127,0.020081454645181806
185,0.008412591324214357,0.006400411505128973,0.012010847823727303,0.015918045513782418,0.010297811604846267
186,-0.023698267861654194,-0.006197796298209784,-0.034356354136064235,-0.025881821796523263,-0.042465932578415806
187,0.012104514310628615,-0.009548038226851449,0.013324372987143094,0.005168441166296991,0.012546615868717612
188,-0.011133566065353241,0.00892405361089928,-0.007666549974318924,0.001253518106436426,-0.012305010069590571
189,0.0028141642445884286,0.00584626709850554,0.004349222832324532,0.0010571290486383403,-0.005601060735130014
190,0.005074028500138029,-0.007855731993705277,0.00017559377788650254,-0.00328394485761941,0.004453966857823781
191,0.009306409834955004,0.0036316691456429713,0.007960374763599554,0.013377151994944969,0.026933197867235456
192,0.0006504832006897075,0.002078194097181995,0.0072282346824317075,0.011169239819892252,0.008195882378912688
193,0.01274828037438042,0.008976960279028048,0.02082141956799849,0.00962753391054557,0.014157245067205292
194,0.005179386981849058,-0.00926931698436143,-0.003103338813679592,-0.0010900658790486183,0.004878807121239469
195,0.003444651657998176,0.016565573837768542,0.016259290010180154,0.01071120934532354,0.008859916719709957
196,-0.005788353494523584,0.0004865054037737318,-0.002604424949734001,-0.004486408058550708,-0.006705986778642986
197,0.0008726889906724403,0.011350970667899286,-0.0032554899317707112,0.003270850950818605,0.005185867592465707
198,0.002167482325834214,0.004883763985750675,0.003958194838807265,0.006166884810507147,0.0018867461532489694
199,0.009502747526069557,0.009286047034607002,0.012942269748195508,0.023258857628061316,0.015624865849524449
200,0.00446303552871249,-0.0023542418597439726,0.005250980110130167,0.002072448174256192,0.004853570429011517
201,0.0011968836895652362,0.0072425780496192275,0.012820316204457435,0.010762932030302881,0.0018846629219074955
202,0.004060591032202787,-0.007712713100660536,-0.0015284280119100347,-0.0036802659506128634,-0.007053594163497191
203,0.016516859164183762,-0.006291579700220668,0.013532955707427068,0.014402782314614199,0.0234515374024219
204,-0.003290056879270452,0.0092499893056634,-0.0007553074304656035,-0.0017262687611832076,0.004100988309501874
205,0.026904361196142937,-0.012426958817847032,0.023340886533878072,0.01259593871870112,0.026225475381433473
206,-0.013507470946665523,-0.004300014160405296,-0.01635008821219043,-0.02244043178539043,-0.0280366732964139
207,-0.01371214401958994,0.012321214611301532,-0.010754189660056673,-0.0042287602910703655,-0.01802415240896153
208,0.004058345471757071,0.001878130664774414,0.001266163975495763,0.010852197154516116,0.004465398097826068
209,0.0007709823183172604,-0.006482620055190989,-0.0012501999053583473,-0.006949011722824651,0.0011833012841449171
210,-0.004242571896841433,0.005387442950172266,-0.0030261221563456057,0.003207333739183583,-0.01774322422231724
211,0.011136149025366353,0.0051060455938747,0.01919102274891224,0.015035424035382427,0.0010529387955608826
212,-0.012573991563894006,0.002236360624642195,-0.01099177973248526,-0.01378763901132358,-0.015179950386113422
213,-0.007793754726611325,0.0030115732920191463,-0.007179897864680294,-0.007275908312039373,-0.01084408903025671
214,-0.010009107875471566,0.004385674471131259,-0.01498587639502023,-0.005202845912123102,-0.013241036844987055
215,-0.013213184310029647,-0.0005577857290849965,-0.02227827457192555,-0.022004782511652745,-0.014222612268336522
216,-0.002607181144131274,-0.000403601135092133,-0.0024761665364333115,-0.006317928211585682,-0.01987821812838154
217,-0.006701916164954873,0.011256758459522622,-0.008286631769203584,0.004426027777060771,-0.009879754684484755
218,0.00016541228225327732,0.0011743288343983062,-0.0006603404760599548,0.0019430838550428976,-0.0067372054250858
219,-0.01228090356653013,-0.0021054016473675444,-0.012597850063398737,-0.00969113341099825,-0.020948049821842903
220,0.0010427398242226161,0.01464816941201791,0.013014425409387874,0.02199252423186187,-0.0022515743329702548
221,-0.013938306178281287,-0.008397426949784266,-0.02205031833596549,-0.017096896167974846,-0.021929365061089105
222,-0.0140217990631964,0.0029414125013069526,-0.017756202527578605,-0.014659367668252059,-0.01914941258668304
223,-0.009460338973523098,0.0035414032857836093,-0.008842075387748808,-0.00038712609836426097,-0.006247068970855974
224,-0.007711492174897399,0.007416972374745662,-0.00983684706282701,0.0041910397029311566,0.0062533401697316745
225,-0.022669603322092453,0.0025698215548241796,-0.017953132789313483,-0.020262680431086935,-0.023386977265193516
226,0.00972101982921475,-0.002488320966096832,0.012175714465751074,0.013968579023839649,0.010557316994685283
227,-0.007554952873560597,-2.5473376826874817e-05,-0.003245001551008358,-0.008877759196392707,-0.0015528533539792017
228,-0.0010811493981882614,0.001661795465422427,0.0020404724299199605,0.00287561849274502,-0.008415933148607493
229,-0.007810491314619295,-0.0030805969578372597,-0.01738946779842416,-0.012743244509591063,-0.0030400773908802236
230,-0.011191284663747523,0.002907080198277873,-0.016774759754168776,-0.011109582571353515,-0.015289659609982898
231,-0.023047545841913715,0.011154550585509087,-0.020497261040850704,-0.0048604474175728335,-0.027571960924361785
232,0.004968671141116129,0.00954473155119669,0.009569013088353576,0.011121383415720422,-0.00016871070887858157
233,-0.0169235434415906,-7.361080075762089e-05,-0.01739638119864209,-0.019506295968933343,-0.02335825817508832
234,-0.0045511361745414446,-0.005736055777171188,-0.010804368149397194,-0.018020989477419966,-0.007611212349912205
235,-0.0022361221171985912,0.0003391419745214173,0.002612098396469465,-0.0026969680131314587,0.0036980194246320373
236,-0.0076894617534599,0.0010129987784581504,-0.0075514280307407925,-0.012335486921020834,-0.02131450892696096
237,0.003978894319813558,-0.0011065717508196619,0.006485872805236275,-0.008222003162039509,0.0054541385003026195
238,-0.011475969403314868,-0.007828869989317335,-0.02623350265199076,-0.013621403411135482,-0.006930781347848828
239,0.007372938126924162,-0.000766561856446834,0.013294503208208353,0.0046014961708560195,-0.001952270535023096
240,-0.007811326909925441,0.002351619597917907,-0.0023423245414840345,-0.010192879060506602,-0.003501510726891351
241,-0.0038734167113971766,0.0024756695954907698,-0.0027409954095627175,0.00873875364701149,-0.00808305516805364
242,0.006389521157305972,-0.00014211892446135686,0.004834054471678753,0.014397942931918586,0.006548298006769086
243,0.014141637958985508,-0.01241446952596923,0.015640482259805754,0.0060680400149195415,0.010951738601604914
244,-0.008107764970245984,-0.009912795485570353,-0.026610325361733373,-0.010963292540812746,-0.009267288121305145
245,-0.011098946765282945,0.006464638266574155,-0.008445048383457275,-0.007810516179813926,0.0007497205913647755
246,0.00878184939330556,-0.014039206148958717,-0.00033178400039899194,-0.0055231104214619655,0.006439978297427841
247,-0.01841876055635512,-0.000439697530136297,-0.01916438197184483,-0.00977389787666726,-0.023674473186754277
248,-0.0007336141686317581,-0.004960555140272494,-0.007882275798052726,-0.00913857572036372,-0.009147011582316804
249,0.015278375483443497,0.00503805832965074,0.02177825996018306,0.011637696873148792,0.02179088667259915
250,0.011521923410432917,-0.0058849537732192465,0.01279098094658097,0.0020412923239766295,0.01576962337833609
251,0.018029936777920016,0.005995823548140822,0.019284929780148858,0.022737529677812035,0.0235330199496167
252,0.004688148538384802,-0.003159167111021812,0.001782202553869394,-0.0020557773408608295,0.011662768876777387
