period,scenario,accounts_receivable_usd,inventory_usd,accounts_payable_usd
2025-01,Actual,1382959.33,293605.87,552669.87
2025-02,Actual,1435648.5,305565.2,575181.55
2025-03,Actual,1579333.33,310777.0,584992.0
2025-04,Actual,1485800.0,319009.76,600488.96
2025-05,Actual,1523704.0,332024.51,624987.31
2025-06,Actual,1579640.0,319146.69,600746.71
2025-07,Actual,1515370.33,321717.07,605585.07
2025-08,Actual,1585896.0,325223.26,612184.96
2025-09,Actual,1609080.0,341213.69,642284.59
2025-10,Actual,1620396.0,339402.96,638876.16
2025-11,Actual,1707888.0,365638.7,688261.09
2025-12,Actual,1899800.0,376720.11,709120.21
2025-01,Budget,1369266.67,289238.0,544448.0
2025-02,Budget,1450150.0,298469.0,561824.0
2025-03,Budget,1533333.33,307700.0,579200.0
2025-04,Budget,1485800.0,313854.0,590784.0
2025-05,Budget,1554800.0,320008.0,602368.0
2025-06,Budget,1548666.67,310777.0,584992.0
2025-07,Budget,1500366.67,316931.0,596576.0
2025-08,Budget,1524900.0,313854.0,590784.0
2025-09,Budget,1625333.33,326162.0,613952.0
2025-10,Budget,1573200.0,332316.0,625536.0
2025-11,Budget,1674400.0,344624.0,648704.0
2025-12,Budget,1809333.33,363086.0,683456.0
