period,cost_center,account_id,amount_usd
2025-01,Dedicated Fleet,4000,659410.0
2025-01,Freight Brokerage,4000,421590.0
2025-01,Corporate,4000,0.0
2025-01,Dedicated Fleet,5000,168391.6
2025-01,Freight Brokerage,5000,101670.4
2025-01,Corporate,5000,47658.0
2025-01,Dedicated Fleet,5100,138744.0
2025-01,Freight Brokerage,5100,53956.0
2025-01,Corporate,5100,0.0
2025-01,Dedicated Fleet,6000,75989.6
2025-01,Freight Brokerage,6000,56550.4
2025-01,Corporate,6000,44180.0
2025-01,Dedicated Fleet,6100,17258.4
2025-01,Freight Brokerage,6100,16299.6
2025-01,Corporate,6100,14382.0
2025-01,Dedicated Fleet,6200,15745.0
2025-01,Freight Brokerage,6200,15745.0
2025-01,Corporate,6200,31490.0
2025-02,Dedicated Fleet,4000,680455.0
2025-02,Freight Brokerage,4000,435045.0
2025-02,Corporate,4000,0.0
2025-02,Dedicated Fleet,5000,173765.8
2025-02,Freight Brokerage,5000,104915.2
2025-02,Corporate,5000,49179.0
2025-02,Dedicated Fleet,5100,143172.0
2025-02,Freight Brokerage,5100,55678.0
2025-02,Corporate,5100,0.0
2025-02,Dedicated Fleet,6000,78414.8
2025-02,Freight Brokerage,6000,58355.2
2025-02,Corporate,6000,45590.0
2025-02,Dedicated Fleet,6100,17809.2
2025-02,Freight Brokerage,6100,16819.8
2025-02,Corporate,6100,14841.0
2025-02,Dedicated Fleet,6200,16247.5
2025-02,Freight Brokerage,6200,16247.5
2025-02,Corporate,6200,32495.0
2025-03,Dedicated Fleet,4000,701500.0
2025-03,Freight Brokerage,4000,448500.0
2025-03,Corporate,4000,0.0
2025-03,Dedicated Fleet,5000,179140.0
2025-03,Freight Brokerage,5000,108160.0
2025-03,Corporate,5000,50700.0
2025-03,Dedicated Fleet,5100,147600.0
2025-03,Freight Brokerage,5100,57400.0
2025-03,Corporate,5100,0.0
2025-03,Dedicated Fleet,6000,80840.0
2025-03,Freight Brokerage,6000,60160.0
2025-03,Corporate,6000,47000.0
2025-03,Dedicated Fleet,6100,18360.0
2025-03,Freight Brokerage,6100,17340.0
2025-03,Corporate,6100,15300.0
2025-03,Dedicated Fleet,6200,16750.0
2025-03,Freight Brokerage,6200,16750.0
2025-03,Corporate,6200,33500.0
2025-04,Dedicated Fleet,4000,715530.0
2025-04,Freight Brokerage,4000,457470.0
2025-04,Corporate,4000,0.0
2025-04,Dedicated Fleet,5000,182722.8
2025-04,Freight Brokerage,5000,110323.2
2025-04,Corporate,5000,51714.0
2025-04,Dedicated Fleet,5100,150552.0
2025-04,Freight Brokerage,5100,58548.0
2025-04,Corporate,5100,0.0
2025-04,Dedicated Fleet,6000,82456.8
2025-04,Freight Brokerage,6000,61363.2
2025-04,Corporate,6000,47940.0
2025-04,Dedicated Fleet,6100,18727.2
2025-04,Freight Brokerage,6100,17686.8
2025-04,Corporate,6100,15606.0
2025-04,Dedicated Fleet,6200,17085.0
2025-04,Freight Brokerage,6200,17085.0
2025-04,Corporate,6200,34170.0
2025-05,Dedicated Fleet,4000,729560.0
2025-05,Freight Brokerage,4000,466440.0
2025-05,Corporate,4000,0.0
2025-05,Dedicated Fleet,5000,186305.6
2025-05,Freight Brokerage,5000,112486.4
2025-05,Corporate,5000,52728.0
2025-05,Dedicated Fleet,5100,153504.0
2025-05,Freight Brokerage,5100,59696.0
2025-05,Corporate,5100,0.0
2025-05,Dedicated Fleet,6000,84073.6
2025-05,Freight Brokerage,6000,62566.4
2025-05,Corporate,6000,48880.0
2025-05,Dedicated Fleet,6100,19094.4
2025-05,Freight Brokerage,6100,18033.6
2025-05,Corporate,6100,15912.0
2025-05,Dedicated Fleet,6200,17420.0
2025-05,Freight Brokerage,6200,17420.0
2025-05,Corporate,6200,34840.0
2025-06,Dedicated Fleet,4000,708515.0
2025-06,Freight Brokerage,4000,452985.0
2025-06,Corporate,4000,0.0
2025-06,Dedicated Fleet,5000,180931.4
2025-06,Freight Brokerage,5000,109241.6
2025-06,Corporate,5000,51207.0
2025-06,Dedicated Fleet,5100,149076.0
2025-06,Freight Brokerage,5100,57974.0
2025-06,Corporate,5100,0.0
2025-06,Dedicated Fleet,6000,81648.4
2025-06,Freight Brokerage,6000,60761.6
2025-06,Corporate,6000,47470.0
2025-06,Dedicated Fleet,6100,18543.6
2025-06,Freight Brokerage,6100,17513.4
2025-06,Corporate,6100,15453.0
2025-06,Dedicated Fleet,6200,16917.5
2025-06,Freight Brokerage,6200,16917.5
2025-06,Corporate,6200,33835.0
2025-07,Dedicated Fleet,4000,722545.0
2025-07,Freight Brokerage,4000,461955.0
2025-07,Corporate,4000,0.0
2025-07,Dedicated Fleet,5000,184514.2
2025-07,Freight Brokerage,5000,111404.8
2025-07,Corporate,5000,52221.0
2025-07,Dedicated Fleet,5100,152028.0
2025-07,Freight Brokerage,5100,59122.0
2025-07,Corporate,5100,0.0
2025-07,Dedicated Fleet,6000,83265.2
2025-07,Freight Brokerage,6000,61964.8
2025-07,Corporate,6000,48410.0
2025-07,Dedicated Fleet,6100,18910.8
2025-07,Freight Brokerage,6100,17860.2
2025-07,Corporate,6100,15759.0
2025-07,Dedicated Fleet,6200,17252.5
2025-07,Freight Brokerage,6200,17252.5
2025-07,Corporate,6200,34505.0
2025-08,Dedicated Fleet,4000,715530.0
2025-08,Freight Brokerage,4000,457470.0
2025-08,Corporate,4000,0.0
2025-08,Dedicated Fleet,5000,182722.8
2025-08,Freight Brokerage,5000,110323.2
2025-08,Corporate,5000,51714.0
2025-08,Dedicated Fleet,5100,150552.0
2025-08,Freight Brokerage,5100,58548.0
2025-08,Corporate,5100,0.0
2025-08,Dedicated Fleet,6000,82456.8
2025-08,Freight Brokerage,6000,61363.2
2025-08,Corporate,6000,47940.0
2025-08,Dedicated Fleet,6100,18727.2
2025-08,Freight Brokerage,6100,17686.8
2025-08,Corporate,6100,15606.0
2025-08,Dedicated Fleet,6200,17085.0
2025-08,Freight Brokerage,6200,17085.0
2025-08,Corporate,6200,34170.0
2025-09,Dedicated Fleet,4000,743590.0
2025-09,Freight Brokerage,4000,475410.0
2025-09,Corporate,4000,0.0
2025-09,Dedicated Fleet,5000,189888.4
2025-09,Freight Brokerage,5000,114649.6
2025-09,Corporate,5000,53742.0
2025-09,Dedicated Fleet,5100,156456.0
2025-09,Freight Brokerage,5100,60844.0
2025-09,Corporate,5100,0.0
2025-09,Dedicated Fleet,6000,85690.4
2025-09,Freight Brokerage,6000,63769.6
2025-09,Corporate,6000,49820.0
2025-09,Dedicated Fleet,6100,19461.6
2025-09,Freight Brokerage,6100,18380.4
2025-09,Corporate,6100,16218.0
2025-09,Dedicated Fleet,6200,17755.0
2025-09,Freight Brokerage,6200,17755.0
2025-09,Corporate,6200,35510.0
2025-10,Dedicated Fleet,4000,757620.0
2025-10,Freight Brokerage,4000,484380.0
2025-10,Corporate,4000,0.0
2025-10,Dedicated Fleet,5000,193471.2
2025-10,Freight Brokerage,5000,116812.8
2025-10,Corporate,5000,54756.0
2025-10,Dedicated Fleet,5100,159408.0
2025-10,Freight Brokerage,5100,61992.0
2025-10,Corporate,5100,0.0
2025-10,Dedicated Fleet,6000,87307.2
2025-10,Freight Brokerage,6000,64972.8
2025-10,Corporate,6000,50760.0
2025-10,Dedicated Fleet,6100,19828.8
2025-10,Freight Brokerage,6100,18727.2
2025-10,Corporate,6100,16524.0
2025-10,Dedicated Fleet,6200,18090.0
2025-10,Freight Brokerage,6200,18090.0
2025-10,Corporate,6200,36180.0
2025-11,Dedicated Fleet,4000,785680.0
2025-11,Freight Brokerage,4000,502320.0
2025-11,Corporate,4000,0.0
2025-11,Dedicated Fleet,5000,200636.8
2025-11,Freight Brokerage,5000,121139.2
2025-11,Corporate,5000,56784.0
2025-11,Dedicated Fleet,5100,165312.0
2025-11,Freight Brokerage,5100,64288.0
2025-11,Corporate,5100,0.0
2025-11,Dedicated Fleet,6000,90540.8
2025-11,Freight Brokerage,6000,67379.2
2025-11,Corporate,6000,52640.0
2025-11,Dedicated Fleet,6100,20563.2
2025-11,Freight Brokerage,6100,19420.8
2025-11,Corporate,6100,17136.0
2025-11,Dedicated Fleet,6200,18760.0
2025-11,Freight Brokerage,6200,18760.0
2025-11,Corporate,6200,37520.0
2025-12,Dedicated Fleet,4000,827770.0
2025-12,Freight Brokerage,4000,529230.0
2025-12,Corporate,4000,0.0
2025-12,Dedicated Fleet,5000,211385.2
2025-12,Freight Brokerage,5000,127628.8
2025-12,Corporate,5000,59826.0
2025-12,Dedicated Fleet,5100,174168.0
2025-12,Freight Brokerage,5100,67732.0
2025-12,Corporate,5100,0.0
2025-12,Dedicated Fleet,6000,95391.2
2025-12,Freight Brokerage,6000,70988.8
2025-12,Corporate,6000,55460.0
2025-12,Dedicated Fleet,6100,21664.8
2025-12,Freight Brokerage,6100,20461.2
2025-12,Corporate,6100,18054.0
2025-12,Dedicated Fleet,6200,19765.0
2025-12,Freight Brokerage,6200,19765.0
2025-12,Corporate,6200,39530.0
