scenario,year,revenue_usd,ebitda_usd,ebitda_margin,da_usd,ebit_usd,cash_taxes_usd,capex_usd,change_nwc_usd,unlevered_fcf_usd,discount_factor,pv_fcf_usd
Downside,1,46125000.0,6226875.0,0.135,1845000.0,4381875.0,1095468.75,2398500.0,22500.0,2710406.25,0.896860986547,2430857.62
Downside,2,47278125.0,6382546.87,0.135,1891125.0,4491421.87,1122855.47,2458462.5,23062.5,2778166.41,0.80435962919,2234644.9
Downside,3,48460078.12,6542110.55,0.135,1938403.12,4603707.42,1150926.86,2519924.06,23639.06,2847620.57,0.721398770574,2054269.98
Downside,4,49671580.08,6705663.31,0.135,1986863.2,4718800.11,1179700.03,2582922.16,24230.04,2918811.08,0.646994413071,1888454.46
Downside,5,50913369.58,6873304.89,0.135,2036534.78,4836770.11,1209192.53,2647495.22,24835.79,2991781.36,0.580264047597,1736023.16
Base,1,47475000.0,7833375.0,0.165,1899000.0,5934375.0,1483593.75,2468700.0,49500.0,3831581.25,0.909090909091,3483255.68
Base,2,50086125.0,8264210.62,0.165,2003445.0,6260765.62,1565191.41,2604478.5,52222.5,4042318.22,0.826446280992,3340758.86
Base,3,52840861.88,8718742.21,0.165,2113634.48,6605107.73,1651276.93,2747724.82,55094.74,4264645.72,0.751314800902,3204091.45
Base,4,55747109.28,9198273.03,0.165,2229884.37,6968388.66,1742097.16,2898849.68,58124.95,4499201.24,0.683013455365,3073014.98
Base,5,58813200.29,9704178.05,0.165,2352528.01,7351650.04,1837912.51,3058286.41,61321.82,4746657.3,0.620921323059,2947300.73
Upside,1,48375000.0,8707500.0,0.18,1935000.0,6772500.0,1693125.0,2515500.0,67500.0,4431375.0,0.913242009132,4046917.81
Upside,2,52003125.0,9360562.5,0.18,2080125.0,7280437.5,1820109.38,2704162.5,72562.5,4763728.12,0.834010967244,3973001.5
Upside,3,55903359.38,10062604.69,0.18,2236134.38,7826470.31,1956617.58,2906974.69,78004.69,5121007.73,0.761653851365,3900435.26
Upside,4,60096111.33,10817300.04,0.18,2403844.45,8413455.59,2103363.9,3124997.79,83855.04,5505083.31,0.695574293484,3829194.44
Upside,5,64603319.68,11628597.54,0.18,2584132.79,9044464.75,2261116.19,3359372.62,90144.17,5917964.56,0.635227665282,3759254.81
