wacc,terminal_growth,enterprise_value_usd,equity_value_usd,illustrative_value_per_share_usd
0.08,0.01,63547783.19,54547783.19,10.91
0.08,0.015,67381777.5,58381777.5,11.68
0.08,0.02,71854770.85,62854770.85,12.57
0.08,0.025,77141035.73,68141035.73,13.63
0.08,0.03,83484553.57,74484553.57,14.9
0.09,0.01,55431133.33,46431133.33,9.29
0.09,0.015,58233343.08,49233343.08,9.85
0.09,0.02,61435868.51,52435868.51,10.49
0.09,0.025,65131090.16,56131090.16,11.23
0.09,0.03,69442182.08,60442182.08,12.09
0.1,0.01,49123685.46,40123685.46,8.02
0.1,0.015,51242659.85,42242659.85,8.45
0.1,0.02,53626506.03,44626506.03,8.93
0.1,0.025,56328198.36,47328198.36,9.47
0.1,0.03,59415846.75,50415846.75,10.08
0.11,0.01,44082448.43,35082448.43,7.02
0.11,0.015,45728116.95,36728116.95,7.35
0.11,0.02,47556637.53,38556637.53,7.71
0.11,0.025,49600278.17,40600278.17,8.12
0.11,0.03,51899373.9,42899373.9,8.58
0.12,0.01,39961894.21,30961894.21,6.19
0.12,0.015,41267775.82,32267775.82,6.45
0.12,0.02,42704245.6,33704245.6,6.74
0.12,0.025,44291922.72,35291922.72,7.06
0.12,0.03,46056008.41,37056008.41,7.41
