strike_usd,pairs,mc_call_usd,analytic_call_usd,standard_error_usd,absolute_error_usd
80.0,100,24.568827,24.779025,0.657303,0.210199
80.0,1000,25.002282,24.779025,0.235295,0.223257
80.0,10000,24.725221,24.779025,0.073171,0.053805
80.0,50000,24.728769,24.779025,0.032907,0.050257
100.0,100,11.948609,11.837046,0.882127,0.111563
100.0,1000,12.211376,11.837046,0.308523,0.37433
100.0,10000,11.759659,11.837046,0.096722,0.077387
100.0,50000,11.760931,11.837046,0.043418,0.076116
120.0,100,4.497524,4.738535,0.707163,0.241011
120.0,1000,4.966686,4.738535,0.250218,0.228152
120.0,10000,4.68092,4.738535,0.077735,0.057614
120.0,50000,4.68497,4.738535,0.034938,0.053564
