year,initial_investment_usd,operating_savings_usd,depreciation_tax_shield_usd,after_tax_salvage_usd,cash_flow_usd,discount_factor,discounted_cash_flow_usd,scenario
0,5250000.0,0.0,0.0,0.0,-5250000.0,1.0,-5250000.0,Downside
1,0.0,1060000.0,196428.57,0.0,991428.57,0.900900901,893178.89,Downside
2,0.0,1060000.0,196428.57,0.0,991428.57,0.811622433,804665.67,Downside
3,0.0,1060000.0,196428.57,0.0,991428.57,0.731191381,724924.03,Downside
4,0.0,1060000.0,196428.57,0.0,991428.57,0.658730974,653084.71,Downside
5,0.0,1060000.0,196428.57,0.0,991428.57,0.593451328,588364.6,Downside
6,0.0,1060000.0,196428.57,0.0,991428.57,0.534640836,530058.2,Downside
7,0.0,1060000.0,196428.57,225000.0,1216428.57,0.481658411,585903.05,Downside
0,4650000.0,0.0,0.0,0.0,-4650000.0,1.0,-4650000.0,Base
1,0.0,1500000.0,178571.43,0.0,1303571.43,0.909090909,1185064.94,Base
2,0.0,1500000.0,178571.43,0.0,1303571.43,0.826446281,1077331.76,Base
3,0.0,1500000.0,178571.43,0.0,1303571.43,0.751314801,979392.51,Base
4,0.0,1500000.0,178571.43,0.0,1303571.43,0.683013455,890356.83,Base
5,0.0,1500000.0,178571.43,0.0,1303571.43,0.620921323,809415.3,Base
6,0.0,1500000.0,178571.43,0.0,1303571.43,0.56447393,735832.09,Base
7,0.0,1500000.0,178571.43,375000.0,1678571.43,0.513158118,861372.56,Base
0,4400000.0,0.0,0.0,0.0,-4400000.0,1.0,-4400000.0,Upside
1,0.0,1900000.0,171428.57,0.0,1596428.57,0.913242009,1457925.64,Upside
2,0.0,1900000.0,171428.57,0.0,1596428.57,0.834010967,1331438.94,Upside
3,0.0,1900000.0,171428.57,0.0,1596428.57,0.761653851,1215925.97,Upside
4,0.0,1900000.0,171428.57,0.0,1596428.57,0.695574293,1110434.68,Upside
5,0.0,1900000.0,171428.57,0.0,1596428.57,0.635227665,1014095.59,Upside
6,0.0,1900000.0,171428.57,0.0,1596428.57,0.580116589,926114.7,Upside
7,0.0,1900000.0,171428.57,487500.0,2083928.57,0.52978684,1104037.93,Upside
