TransactionID,InvoiceDate,ProductFamily,CustomerSegment,Units,ListUnitPriceCents,DiscountBps,ListRevenueCents,DiscountCents,RevenueCents,VariableCostCents,FulfillmentCents,ContributionCents,DataStatus
NEW-P-0001,2026-01-02,VectorNode,Distributor,15,18000,3200,270000,86400,183600,159000,13000,11600,New synthetic portfolio record
NEW-P-0002,2026-03-15,ThermaTrack,Service,30,25000,2500,750000,187500,562500,420000,22000,120500,New synthetic portfolio record
NEW-P-0003,2026-04-10,FlowGuard,Service,25,32000,3200,800000,256000,544000,500000,19000,25000,New synthetic portfolio record
NEW-P-0004,2026-01-05,EdgeMeter Pro,Service,50,42000,500,2100000,105000,1995000,1240000,34000,721000,New synthetic portfolio record
NEW-P-0005,2026-02-01,PulseSense X1,Service,72,28000,2200,2016000,443520,1572480,1360800,47200,164480,New synthetic portfolio record
NEW-P-0006,2026-06-08,AeroLink,Service,108,36000,1000,3888000,388800,3499200,2246400,68800,1184000,New synthetic portfolio record
NEW-P-0007,2026-05-24,VectorNode,Distributor,19,18000,1200,342000,41040,300960,201400,15400,84160,New synthetic portfolio record
NEW-P-0008,2026-03-19,ThermaTrack,Distributor,30,25000,1200,750000,90000,660000,420000,22000,218000,New synthetic portfolio record
NEW-P-0009,2026-01-10,FlowGuard,Distributor,94,32000,1800,3008000,541440,2466560,1880000,60400,526160,New synthetic portfolio record
NEW-P-0010,2026-06-26,EdgeMeter Pro,Service,35,42000,2800,1470000,411600,1058400,868000,25000,165400,New synthetic portfolio record
NEW-P-0011,2026-04-26,PulseSense X1,Distributor,16,28000,1800,448000,80640,367360,302400,13600,51360,New synthetic portfolio record
NEW-P-0012,2026-01-22,AeroLink,Service,16,36000,1200,576000,69120,506880,332800,13600,160480,New synthetic portfolio record
NEW-P-0013,2026-06-01,VectorNode,Service,117,18000,1800,2106000,379080,1726920,1240200,74200,412520,New synthetic portfolio record
NEW-P-0014,2026-03-19,ThermaTrack,Distributor,109,25000,1500,2725000,408750,2316250,1526000,69400,720850,New synthetic portfolio record
NEW-P-0015,2026-05-13,FlowGuard,Distributor,39,32000,1000,1248000,124800,1123200,780000,27400,315800,New synthetic portfolio record
NEW-P-0016,2026-03-20,EdgeMeter Pro,Service,63,42000,1000,2646000,264600,2381400,1562400,41800,777200,New synthetic portfolio record
NEW-P-0017,2026-03-05,PulseSense X1,OEM,37,28000,1500,1036000,155400,880600,699300,26200,155100,New synthetic portfolio record
NEW-P-0018,2026-05-20,AeroLink,OEM,27,36000,2800,972000,272160,699840,561600,20200,118040,New synthetic portfolio record
NEW-P-0019,2026-05-12,VectorNode,Service,82,18000,800,1476000,118080,1357920,869200,53200,435520,New synthetic portfolio record
NEW-P-0020,2026-01-03,ThermaTrack,Distributor,34,25000,2200,850000,187000,663000,476000,24400,162600,New synthetic portfolio record
NEW-P-0021,2026-06-27,FlowGuard,OEM,116,32000,500,3712000,185600,3526400,2320000,73600,1132800,New synthetic portfolio record
NEW-P-0022,2026-06-29,EdgeMeter Pro,OEM,42,42000,2800,1764000,493920,1270080,1041600,29200,199280,New synthetic portfolio record
NEW-P-0023,2026-01-11,PulseSense X1,Service,95,28000,2500,2660000,665000,1995000,1795500,61000,138500,New synthetic portfolio record
NEW-P-0024,2026-05-09,AeroLink,Service,64,36000,2500,2304000,576000,1728000,1331200,42400,354400,New synthetic portfolio record
NEW-P-0025,2026-05-16,VectorNode,Distributor,107,18000,1200,1926000,231120,1694880,1134200,68200,492480,New synthetic portfolio record
NEW-P-0026,2026-03-08,ThermaTrack,Service,87,25000,2200,2175000,478500,1696500,1218000,56200,422300,New synthetic portfolio record
NEW-P-0027,2026-01-05,FlowGuard,Distributor,23,32000,1000,736000,73600,662400,460000,17800,184600,New synthetic portfolio record
NEW-P-0028,2026-05-08,EdgeMeter Pro,OEM,18,42000,1200,756000,90720,665280,446400,14800,204080,New synthetic portfolio record
NEW-P-0029,2026-02-17,PulseSense X1,Service,65,28000,1200,1820000,218400,1601600,1228500,43000,330100,New synthetic portfolio record
NEW-P-0030,2026-01-27,AeroLink,Distributor,68,36000,2500,2448000,612000,1836000,1414400,44800,376800,New synthetic portfolio record
NEW-P-0031,2026-05-10,VectorNode,Service,14,18000,2200,252000,55440,196560,148400,12400,35760,New synthetic portfolio record
NEW-P-0032,2026-06-29,ThermaTrack,OEM,21,25000,1000,525000,52500,472500,294000,16600,161900,New synthetic portfolio record
NEW-P-0033,2026-05-14,FlowGuard,Distributor,100,32000,800,3200000,256000,2944000,2000000,64000,880000,New synthetic portfolio record
NEW-P-0034,2026-01-15,EdgeMeter Pro,Service,74,42000,1200,3108000,372960,2735040,1835200,48400,851440,New synthetic portfolio record
NEW-P-0035,2026-06-18,PulseSense X1,Distributor,43,28000,1800,1204000,216720,987280,812700,29800,144780,New synthetic portfolio record
NEW-P-0036,2026-02-21,AeroLink,OEM,110,36000,1200,3960000,475200,3484800,2288000,70000,1126800,New synthetic portfolio record
NEW-P-0037,2026-02-05,VectorNode,Distributor,53,18000,1500,954000,143100,810900,561800,35800,213300,New synthetic portfolio record
NEW-P-0038,2026-05-07,ThermaTrack,OEM,30,25000,800,750000,60000,690000,420000,22000,248000,New synthetic portfolio record
NEW-P-0039,2026-01-03,FlowGuard,Service,55,32000,1200,1760000,211200,1548800,1100000,37000,411800,New synthetic portfolio record
NEW-P-0040,2026-02-24,EdgeMeter Pro,Service,52,42000,500,2184000,109200,2074800,1289600,35200,750000,New synthetic portfolio record
NEW-P-0041,2026-01-13,PulseSense X1,OEM,71,28000,1200,1988000,238560,1749440,1341900,46600,360940,New synthetic portfolio record
NEW-P-0042,2026-02-28,AeroLink,Service,95,36000,1500,3420000,513000,2907000,1976000,61000,870000,New synthetic portfolio record
NEW-P-0043,2026-01-26,VectorNode,OEM,103,18000,1000,1854000,185400,1668600,1091800,65800,511000,New synthetic portfolio record
NEW-P-0044,2026-04-08,ThermaTrack,Distributor,101,25000,2800,2525000,707000,1818000,1414000,64600,339400,New synthetic portfolio record
NEW-P-0045,2026-05-08,FlowGuard,Service,40,32000,2200,1280000,281600,998400,800000,28000,170400,New synthetic portfolio record
NEW-P-0046,2026-02-26,EdgeMeter Pro,Service,119,42000,2500,4998000,1249500,3748500,2951200,75400,721900,New synthetic portfolio record
NEW-P-0047,2026-04-06,PulseSense X1,Service,120,28000,2800,3360000,940800,2419200,2268000,76000,75200,New synthetic portfolio record
NEW-P-0048,2026-05-31,AeroLink,OEM,120,36000,500,4320000,216000,4104000,2496000,76000,1532000,New synthetic portfolio record
NEW-P-0049,2026-06-23,VectorNode,Distributor,62,18000,1800,1116000,200880,915120,657200,41200,216720,New synthetic portfolio record
NEW-P-0050,2026-03-30,ThermaTrack,Service,103,25000,2500,2575000,643750,1931250,1442000,65800,423450,New synthetic portfolio record
NEW-P-0051,2026-04-05,FlowGuard,Distributor,33,32000,2200,1056000,232320,823680,660000,23800,139880,New synthetic portfolio record
NEW-P-0052,2026-04-28,EdgeMeter Pro,Distributor,19,42000,2800,798000,223440,574560,471200,15400,87960,New synthetic portfolio record
NEW-P-0053,2026-02-12,PulseSense X1,Distributor,51,28000,2200,1428000,314160,1113840,963900,34600,115340,New synthetic portfolio record
NEW-P-0054,2026-03-13,AeroLink,Distributor,89,36000,3200,3204000,1025280,2178720,1851200,57400,270120,New synthetic portfolio record
NEW-P-0055,2026-02-01,VectorNode,OEM,67,18000,500,1206000,60300,1145700,710200,44200,391300,New synthetic portfolio record
NEW-P-0056,2026-05-20,ThermaTrack,OEM,62,25000,3200,1550000,496000,1054000,868000,41200,144800,New synthetic portfolio record
NEW-P-0057,2026-06-04,FlowGuard,OEM,54,32000,800,1728000,138240,1589760,1080000,36400,473360,New synthetic portfolio record
NEW-P-0058,2026-05-12,EdgeMeter Pro,OEM,95,42000,1200,3990000,478800,3511200,2356000,61000,1094200,New synthetic portfolio record
NEW-P-0059,2026-02-02,PulseSense X1,Service,20,28000,800,560000,44800,515200,378000,16000,121200,New synthetic portfolio record
NEW-P-0060,2026-01-29,AeroLink,Service,95,36000,2500,3420000,855000,2565000,1976000,61000,528000,New synthetic portfolio record
NEW-P-0061,2026-03-20,VectorNode,Service,83,18000,1800,1494000,268920,1225080,879800,53800,291480,New synthetic portfolio record
NEW-P-0062,2026-02-04,ThermaTrack,Distributor,39,25000,800,975000,78000,897000,546000,27400,323600,New synthetic portfolio record
NEW-P-0063,2026-03-25,FlowGuard,OEM,61,32000,500,1952000,97600,1854400,1220000,40600,593800,New synthetic portfolio record
NEW-P-0064,2026-06-03,EdgeMeter Pro,Service,47,42000,1200,1974000,236880,1737120,1165600,32200,539320,New synthetic portfolio record
NEW-P-0065,2026-02-05,PulseSense X1,OEM,46,28000,3200,1288000,412160,875840,869400,31600,-25160,New synthetic portfolio record
NEW-P-0066,2026-03-11,AeroLink,Distributor,74,36000,1000,2664000,266400,2397600,1539200,48400,810000,New synthetic portfolio record
NEW-P-0067,2026-02-02,VectorNode,Distributor,17,18000,3200,306000,97920,208080,180200,14200,13680,New synthetic portfolio record
NEW-P-0068,2026-06-04,ThermaTrack,Distributor,50,25000,1200,1250000,150000,1100000,700000,34000,366000,New synthetic portfolio record
NEW-P-0069,2026-02-12,FlowGuard,Distributor,12,32000,3200,384000,122880,261120,240000,11200,9920,New synthetic portfolio record
NEW-P-0070,2026-06-19,EdgeMeter Pro,OEM,35,42000,1800,1470000,264600,1205400,868000,25000,312400,New synthetic portfolio record
NEW-P-0071,2026-02-24,PulseSense X1,OEM,33,28000,500,924000,46200,877800,623700,23800,230300,New synthetic portfolio record
NEW-P-0072,2026-06-21,AeroLink,Distributor,37,36000,500,1332000,66600,1265400,769600,26200,469600,New synthetic portfolio record
NEW-P-0073,2026-03-12,VectorNode,Distributor,52,18000,3200,936000,299520,636480,551200,35200,50080,New synthetic portfolio record
NEW-P-0074,2026-03-12,ThermaTrack,OEM,107,25000,1800,2675000,481500,2193500,1498000,68200,627300,New synthetic portfolio record
NEW-P-0075,2026-05-28,FlowGuard,Distributor,82,32000,500,2624000,131200,2492800,1640000,53200,799600,New synthetic portfolio record
NEW-P-0076,2026-06-14,EdgeMeter Pro,OEM,52,42000,500,2184000,109200,2074800,1289600,35200,750000,New synthetic portfolio record
NEW-P-0077,2026-06-06,PulseSense X1,OEM,23,28000,2200,644000,141680,502320,434700,17800,49820,New synthetic portfolio record
NEW-P-0078,2026-05-04,AeroLink,OEM,32,36000,3200,1152000,368640,783360,665600,23200,94560,New synthetic portfolio record
NEW-P-0079,2026-03-03,VectorNode,Service,120,18000,2800,2160000,604800,1555200,1272000,76000,207200,New synthetic portfolio record
NEW-P-0080,2026-01-30,ThermaTrack,OEM,110,25000,2200,2750000,605000,2145000,1540000,70000,535000,New synthetic portfolio record
NEW-P-0081,2026-01-10,FlowGuard,OEM,27,32000,500,864000,43200,820800,540000,20200,260600,New synthetic portfolio record
NEW-P-0082,2026-06-25,EdgeMeter Pro,OEM,36,42000,800,1512000,120960,1391040,892800,25600,472640,New synthetic portfolio record
NEW-P-0083,2026-05-24,PulseSense X1,Distributor,34,28000,1200,952000,114240,837760,642600,24400,170760,New synthetic portfolio record
NEW-P-0084,2026-05-28,AeroLink,OEM,82,36000,800,2952000,236160,2715840,1705600,53200,957040,New synthetic portfolio record
NEW-P-0085,2026-03-01,VectorNode,Distributor,73,18000,2800,1314000,367920,946080,773800,47800,124480,New synthetic portfolio record
NEW-P-0086,2026-04-27,ThermaTrack,Service,72,25000,1800,1800000,324000,1476000,1008000,47200,420800,New synthetic portfolio record
NEW-P-0087,2026-02-27,FlowGuard,Distributor,58,32000,3200,1856000,593920,1262080,1160000,38800,63280,New synthetic portfolio record
NEW-P-0088,2026-03-02,EdgeMeter Pro,Distributor,31,42000,3200,1302000,416640,885360,768800,22600,93960,New synthetic portfolio record
NEW-P-0089,2026-03-10,PulseSense X1,Distributor,94,28000,2800,2632000,736960,1895040,1776600,60400,58040,New synthetic portfolio record
NEW-P-0090,2026-05-28,AeroLink,Service,72,36000,800,2592000,207360,2384640,1497600,47200,839840,New synthetic portfolio record
NEW-P-0091,2026-04-10,VectorNode,OEM,88,18000,1500,1584000,237600,1346400,932800,56800,356800,New synthetic portfolio record
NEW-P-0092,2026-04-01,ThermaTrack,Service,47,25000,3200,1175000,376000,799000,658000,32200,108800,New synthetic portfolio record
NEW-P-0093,2026-03-21,FlowGuard,Service,21,32000,800,672000,53760,618240,420000,16600,181640,New synthetic portfolio record
NEW-P-0094,2026-02-06,EdgeMeter Pro,Service,93,42000,500,3906000,195300,3710700,2306400,59800,1344500,New synthetic portfolio record
NEW-P-0095,2026-03-16,PulseSense X1,Distributor,95,28000,500,2660000,133000,2527000,1795500,61000,670500,New synthetic portfolio record
NEW-P-0096,2026-03-27,AeroLink,Service,76,36000,2200,2736000,601920,2134080,1580800,49600,503680,New synthetic portfolio record
NEW-P-0097,2026-06-20,VectorNode,Service,55,18000,1000,990000,99000,891000,583000,37000,271000,New synthetic portfolio record
NEW-P-0098,2026-03-13,ThermaTrack,Distributor,33,25000,2500,825000,206250,618750,462000,23800,132950,New synthetic portfolio record
NEW-P-0099,2026-05-25,FlowGuard,Service,63,32000,2200,2016000,443520,1572480,1260000,41800,270680,New synthetic portfolio record
NEW-P-0100,2026-06-15,EdgeMeter Pro,OEM,35,42000,1800,1470000,264600,1205400,868000,25000,312400,New synthetic portfolio record
NEW-P-0101,2026-05-11,PulseSense X1,OEM,63,28000,1200,1764000,211680,1552320,1190700,41800,319820,New synthetic portfolio record
NEW-P-0102,2026-01-06,AeroLink,OEM,21,36000,2200,756000,166320,589680,436800,16600,136280,New synthetic portfolio record
NEW-P-0103,2026-06-14,VectorNode,Distributor,60,18000,1800,1080000,194400,885600,636000,40000,209600,New synthetic portfolio record
NEW-P-0104,2026-01-24,ThermaTrack,Distributor,73,25000,1800,1825000,328500,1496500,1022000,47800,426700,New synthetic portfolio record
NEW-P-0105,2026-01-22,FlowGuard,Distributor,68,32000,2200,2176000,478720,1697280,1360000,44800,292480,New synthetic portfolio record
NEW-P-0106,2026-03-31,EdgeMeter Pro,OEM,109,42000,1500,4578000,686700,3891300,2703200,69400,1118700,New synthetic portfolio record
NEW-P-0107,2026-01-30,PulseSense X1,Distributor,69,28000,1200,1932000,231840,1700160,1304100,45400,350660,New synthetic portfolio record
NEW-P-0108,2026-05-09,AeroLink,OEM,20,36000,1200,720000,86400,633600,416000,16000,201600,New synthetic portfolio record
NEW-P-0109,2026-06-11,VectorNode,Service,60,18000,1000,1080000,108000,972000,636000,40000,296000,New synthetic portfolio record
NEW-P-0110,2026-06-24,ThermaTrack,Service,62,25000,1800,1550000,279000,1271000,868000,41200,361800,New synthetic portfolio record
NEW-P-0111,2026-04-28,FlowGuard,Distributor,111,32000,1500,3552000,532800,3019200,2220000,70600,728600,New synthetic portfolio record
NEW-P-0112,2026-04-21,EdgeMeter Pro,Distributor,37,42000,3200,1554000,497280,1056720,917600,26200,112920,New synthetic portfolio record
NEW-P-0113,2026-03-27,PulseSense X1,Distributor,95,28000,1800,2660000,478800,2181200,1795500,61000,324700,New synthetic portfolio record
NEW-P-0114,2026-06-27,AeroLink,OEM,73,36000,2500,2628000,657000,1971000,1518400,47800,404800,New synthetic portfolio record
NEW-P-0115,2026-05-23,VectorNode,OEM,24,18000,2500,432000,108000,324000,254400,18400,51200,New synthetic portfolio record
NEW-P-0116,2026-05-24,ThermaTrack,Service,64,25000,500,1600000,80000,1520000,896000,42400,581600,New synthetic portfolio record
NEW-P-0117,2026-06-15,FlowGuard,OEM,53,32000,1200,1696000,203520,1492480,1060000,35800,396680,New synthetic portfolio record
NEW-P-0118,2026-04-11,EdgeMeter Pro,Service,62,42000,1800,2604000,468720,2135280,1537600,41200,556480,New synthetic portfolio record
NEW-P-0119,2026-03-10,PulseSense X1,OEM,29,28000,1500,812000,121800,690200,548100,21400,120700,New synthetic portfolio record
NEW-P-0120,2026-01-23,AeroLink,Distributor,63,36000,800,2268000,181440,2086560,1310400,41800,734360,New synthetic portfolio record
NEW-P-0121,2026-03-18,VectorNode,Service,90,18000,1800,1620000,291600,1328400,954000,58000,316400,New synthetic portfolio record
NEW-P-0122,2026-05-29,ThermaTrack,OEM,118,25000,800,2950000,236000,2714000,1652000,74800,987200,New synthetic portfolio record
NEW-P-0123,2026-01-17,FlowGuard,OEM,94,32000,2200,3008000,661760,2346240,1880000,60400,405840,New synthetic portfolio record
NEW-P-0124,2026-02-27,EdgeMeter Pro,Service,12,42000,1000,504000,50400,453600,297600,11200,144800,New synthetic portfolio record
NEW-P-0125,2026-04-06,PulseSense X1,Distributor,96,28000,800,2688000,215040,2472960,1814400,61600,596960,New synthetic portfolio record
NEW-P-0126,2026-05-09,AeroLink,Service,34,36000,2200,1224000,269280,954720,707200,24400,223120,New synthetic portfolio record
NEW-P-0127,2026-03-06,VectorNode,OEM,109,18000,2800,1962000,549360,1412640,1155400,69400,187840,New synthetic portfolio record
NEW-P-0128,2026-03-02,ThermaTrack,Distributor,53,25000,3200,1325000,424000,901000,742000,35800,123200,New synthetic portfolio record
NEW-P-0129,2026-06-04,FlowGuard,Service,81,32000,3200,2592000,829440,1762560,1620000,52600,89960,New synthetic portfolio record
NEW-P-0130,2026-03-15,EdgeMeter Pro,OEM,93,42000,2500,3906000,976500,2929500,2306400,59800,563300,New synthetic portfolio record
NEW-P-0131,2026-01-05,PulseSense X1,Service,66,28000,2800,1848000,517440,1330560,1247400,43600,39560,New synthetic portfolio record
NEW-P-0132,2026-02-07,AeroLink,Service,64,36000,2800,2304000,645120,1658880,1331200,42400,285280,New synthetic portfolio record
NEW-P-0133,2026-02-02,VectorNode,Distributor,15,18000,2500,270000,67500,202500,159000,13000,30500,New synthetic portfolio record
NEW-P-0134,2026-02-22,ThermaTrack,Distributor,37,25000,500,925000,46250,878750,518000,26200,334550,New synthetic portfolio record
NEW-P-0135,2026-05-31,FlowGuard,Service,70,32000,2500,2240000,560000,1680000,1400000,46000,234000,New synthetic portfolio record
NEW-P-0136,2026-01-14,EdgeMeter Pro,Service,65,42000,500,2730000,136500,2593500,1612000,43000,938500,New synthetic portfolio record
NEW-P-0137,2026-05-20,PulseSense X1,Service,42,28000,3200,1176000,376320,799680,793800,29200,-23320,New synthetic portfolio record
NEW-P-0138,2026-02-23,AeroLink,Service,87,36000,1500,3132000,469800,2662200,1809600,56200,796400,New synthetic portfolio record
NEW-P-0139,2026-05-17,VectorNode,OEM,102,18000,2500,1836000,459000,1377000,1081200,65200,230600,New synthetic portfolio record
NEW-P-0140,2026-03-13,ThermaTrack,Distributor,43,25000,2200,1075000,236500,838500,602000,29800,206700,New synthetic portfolio record
NEW-P-0141,2026-05-11,FlowGuard,Service,86,32000,2200,2752000,605440,2146560,1720000,55600,370960,New synthetic portfolio record
NEW-P-0142,2026-06-19,EdgeMeter Pro,Distributor,67,42000,1200,2814000,337680,2476320,1661600,44200,770520,New synthetic portfolio record
NEW-P-0143,2026-02-07,PulseSense X1,Service,56,28000,2800,1568000,439040,1128960,1058400,37600,32960,New synthetic portfolio record
NEW-P-0144,2026-03-24,AeroLink,Service,40,36000,3200,1440000,460800,979200,832000,28000,119200,New synthetic portfolio record
NEW-P-0145,2026-02-06,VectorNode,Service,98,18000,1800,1764000,317520,1446480,1038800,62800,344880,New synthetic portfolio record
NEW-P-0146,2026-01-31,ThermaTrack,Service,81,25000,2500,2025000,506250,1518750,1134000,52600,332150,New synthetic portfolio record
NEW-P-0147,2026-05-30,FlowGuard,OEM,54,32000,800,1728000,138240,1589760,1080000,36400,473360,New synthetic portfolio record
NEW-P-0148,2026-04-03,EdgeMeter Pro,Distributor,70,42000,3200,2940000,940800,1999200,1736000,46000,217200,New synthetic portfolio record
NEW-P-0149,2026-01-29,PulseSense X1,Service,106,28000,1500,2968000,445200,2522800,2003400,67600,451800,New synthetic portfolio record
NEW-P-0150,2026-03-28,AeroLink,Distributor,60,36000,2500,2160000,540000,1620000,1248000,40000,332000,New synthetic portfolio record
NEW-P-0151,2026-01-31,VectorNode,OEM,108,18000,1800,1944000,349920,1594080,1144800,68800,380480,New synthetic portfolio record
NEW-P-0152,2026-05-28,ThermaTrack,Service,49,25000,1000,1225000,122500,1102500,686000,33400,383100,New synthetic portfolio record
NEW-P-0153,2026-04-22,FlowGuard,Service,44,32000,1500,1408000,211200,1196800,880000,30400,286400,New synthetic portfolio record
NEW-P-0154,2026-06-12,EdgeMeter Pro,Distributor,59,42000,2800,2478000,693840,1784160,1463200,39400,281560,New synthetic portfolio record
NEW-P-0155,2026-04-30,PulseSense X1,Service,105,28000,1500,2940000,441000,2499000,1984500,67000,447500,New synthetic portfolio record
NEW-P-0156,2026-02-28,AeroLink,OEM,65,36000,800,2340000,187200,2152800,1352000,43000,757800,New synthetic portfolio record
NEW-P-0157,2026-03-10,VectorNode,OEM,80,18000,1000,1440000,144000,1296000,848000,52000,396000,New synthetic portfolio record
NEW-P-0158,2026-05-29,ThermaTrack,Service,53,25000,1200,1325000,159000,1166000,742000,35800,388200,New synthetic portfolio record
NEW-P-0159,2026-05-30,FlowGuard,OEM,54,32000,2200,1728000,380160,1347840,1080000,36400,231440,New synthetic portfolio record
NEW-P-0160,2026-04-08,EdgeMeter Pro,Distributor,58,42000,1500,2436000,365400,2070600,1438400,38800,593400,New synthetic portfolio record
NEW-P-0161,2026-02-05,PulseSense X1,OEM,103,28000,800,2884000,230720,2653280,1946700,65800,640780,New synthetic portfolio record
NEW-P-0162,2026-05-02,AeroLink,Service,32,36000,1500,1152000,172800,979200,665600,23200,290400,New synthetic portfolio record
NEW-P-0163,2026-02-06,VectorNode,Service,38,18000,1000,684000,68400,615600,402800,26800,186000,New synthetic portfolio record
NEW-P-0164,2026-02-17,ThermaTrack,OEM,50,25000,500,1250000,62500,1187500,700000,34000,453500,New synthetic portfolio record
NEW-P-0165,2026-04-06,FlowGuard,OEM,37,32000,1200,1184000,142080,1041920,740000,26200,275720,New synthetic portfolio record
NEW-P-0166,2026-02-24,EdgeMeter Pro,OEM,116,42000,2800,4872000,1364160,3507840,2876800,73600,557440,New synthetic portfolio record
NEW-P-0167,2026-02-17,PulseSense X1,Service,41,28000,2200,1148000,252560,895440,774900,28600,91940,New synthetic portfolio record
NEW-P-0168,2026-01-17,AeroLink,Distributor,92,36000,1000,3312000,331200,2980800,1913600,59200,1008000,New synthetic portfolio record
NEW-P-0169,2026-01-17,VectorNode,Distributor,118,18000,1000,2124000,212400,1911600,1250800,74800,586000,New synthetic portfolio record
NEW-P-0170,2026-02-09,ThermaTrack,Service,101,25000,2800,2525000,707000,1818000,1414000,64600,339400,New synthetic portfolio record
NEW-P-0171,2026-05-23,FlowGuard,OEM,66,32000,1500,2112000,316800,1795200,1320000,43600,431600,New synthetic portfolio record
NEW-P-0172,2026-03-20,EdgeMeter Pro,OEM,112,42000,3200,4704000,1505280,3198720,2777600,71200,349920,New synthetic portfolio record
NEW-P-0173,2026-04-02,PulseSense X1,OEM,41,28000,800,1148000,91840,1056160,774900,28600,252660,New synthetic portfolio record
NEW-P-0174,2026-05-05,AeroLink,OEM,94,36000,500,3384000,169200,3214800,1955200,60400,1199200,New synthetic portfolio record
NEW-P-0175,2026-01-03,VectorNode,Distributor,64,18000,2200,1152000,253440,898560,678400,42400,177760,New synthetic portfolio record
NEW-P-0176,2026-05-28,ThermaTrack,OEM,17,25000,1000,425000,42500,382500,238000,14200,130300,New synthetic portfolio record
NEW-P-0177,2026-01-22,FlowGuard,Service,103,32000,1800,3296000,593280,2702720,2060000,65800,576920,New synthetic portfolio record
NEW-P-0178,2026-03-30,EdgeMeter Pro,Distributor,86,42000,1500,3612000,541800,3070200,2132800,55600,881800,New synthetic portfolio record
NEW-P-0179,2026-02-20,PulseSense X1,Service,86,28000,1500,2408000,361200,2046800,1625400,55600,365800,New synthetic portfolio record
NEW-P-0180,2026-02-24,AeroLink,OEM,46,36000,1200,1656000,198720,1457280,956800,31600,468880,New synthetic portfolio record
NEW-P-0181,2026-06-24,VectorNode,OEM,39,18000,3200,702000,224640,477360,413400,27400,36560,New synthetic portfolio record
NEW-P-0182,2026-03-17,ThermaTrack,OEM,82,25000,500,2050000,102500,1947500,1148000,53200,746300,New synthetic portfolio record
NEW-P-0183,2026-03-05,FlowGuard,Service,69,32000,2200,2208000,485760,1722240,1380000,45400,296840,New synthetic portfolio record
NEW-P-0184,2026-04-15,EdgeMeter Pro,Service,73,42000,3200,3066000,981120,2084880,1810400,47800,226680,New synthetic portfolio record
NEW-P-0185,2026-02-21,PulseSense X1,OEM,61,28000,1200,1708000,204960,1503040,1152900,40600,309540,New synthetic portfolio record
NEW-P-0186,2026-01-06,AeroLink,Service,51,36000,500,1836000,91800,1744200,1060800,34600,648800,New synthetic portfolio record
NEW-P-0187,2026-03-28,VectorNode,Service,51,18000,2500,918000,229500,688500,540600,34600,113300,New synthetic portfolio record
NEW-P-0188,2026-04-23,ThermaTrack,Service,69,25000,1500,1725000,258750,1466250,966000,45400,454850,New synthetic portfolio record
NEW-P-0189,2026-05-01,FlowGuard,Service,82,32000,2500,2624000,656000,1968000,1640000,53200,274800,New synthetic portfolio record
NEW-P-0190,2026-03-29,EdgeMeter Pro,OEM,94,42000,1500,3948000,592200,3355800,2331200,60400,964200,New synthetic portfolio record
NEW-P-0191,2026-05-07,PulseSense X1,OEM,67,28000,1200,1876000,225120,1650880,1266300,44200,340380,New synthetic portfolio record
NEW-P-0192,2026-05-15,AeroLink,OEM,66,36000,1500,2376000,356400,2019600,1372800,43600,603200,New synthetic portfolio record
NEW-P-0193,2026-03-13,VectorNode,Distributor,117,18000,2200,2106000,463320,1642680,1240200,74200,328280,New synthetic portfolio record
NEW-P-0194,2026-03-31,ThermaTrack,Service,112,25000,1000,2800000,280000,2520000,1568000,71200,880800,New synthetic portfolio record
NEW-P-0195,2026-05-05,FlowGuard,OEM,58,32000,1200,1856000,222720,1633280,1160000,38800,434480,New synthetic portfolio record
NEW-P-0196,2026-02-02,EdgeMeter Pro,OEM,76,42000,1200,3192000,383040,2808960,1884800,49600,874560,New synthetic portfolio record
NEW-P-0197,2026-02-03,PulseSense X1,Distributor,12,28000,1800,336000,60480,275520,226800,11200,37520,New synthetic portfolio record
NEW-P-0198,2026-04-22,AeroLink,Service,99,36000,1800,3564000,641520,2922480,2059200,63400,799880,New synthetic portfolio record
NEW-P-0199,2026-02-24,VectorNode,Distributor,79,18000,2200,1422000,312840,1109160,837400,51400,220360,New synthetic portfolio record
NEW-P-0200,2026-01-08,ThermaTrack,Service,66,25000,1200,1650000,198000,1452000,924000,43600,484400,New synthetic portfolio record
NEW-P-0201,2026-02-26,FlowGuard,Distributor,108,32000,2200,3456000,760320,2695680,2160000,68800,466880,New synthetic portfolio record
NEW-P-0202,2026-01-13,EdgeMeter Pro,Service,79,42000,1800,3318000,597240,2720760,1959200,51400,710160,New synthetic portfolio record
NEW-P-0203,2026-01-28,PulseSense X1,Service,48,28000,2800,1344000,376320,967680,907200,32800,27680,New synthetic portfolio record
NEW-P-0204,2026-03-11,AeroLink,Distributor,86,36000,3200,3096000,990720,2105280,1788800,55600,260880,New synthetic portfolio record
NEW-P-0205,2026-03-10,VectorNode,Service,28,18000,3200,504000,161280,342720,296800,20800,25120,New synthetic portfolio record
NEW-P-0206,2026-05-08,ThermaTrack,OEM,85,25000,3200,2125000,680000,1445000,1190000,55000,200000,New synthetic portfolio record
NEW-P-0207,2026-01-11,FlowGuard,Service,98,32000,2800,3136000,878080,2257920,1960000,62800,235120,New synthetic portfolio record
NEW-P-0208,2026-04-21,EdgeMeter Pro,Service,59,42000,2200,2478000,545160,1932840,1463200,39400,430240,New synthetic portfolio record
NEW-P-0209,2026-01-17,PulseSense X1,Distributor,16,28000,1200,448000,53760,394240,302400,13600,78240,New synthetic portfolio record
NEW-P-0210,2026-03-30,AeroLink,Service,94,36000,1500,3384000,507600,2876400,1955200,60400,860800,New synthetic portfolio record
NEW-P-0211,2026-06-18,VectorNode,Distributor,44,18000,1500,792000,118800,673200,466400,30400,176400,New synthetic portfolio record
NEW-P-0212,2026-04-01,ThermaTrack,Service,17,25000,1000,425000,42500,382500,238000,14200,130300,New synthetic portfolio record
NEW-P-0213,2026-01-10,FlowGuard,Service,79,32000,2800,2528000,707840,1820160,1580000,51400,188760,New synthetic portfolio record
NEW-P-0214,2026-05-17,EdgeMeter Pro,Distributor,34,42000,1500,1428000,214200,1213800,843200,24400,346200,New synthetic portfolio record
NEW-P-0215,2026-03-22,PulseSense X1,Distributor,17,28000,800,476000,38080,437920,321300,14200,102420,New synthetic portfolio record
NEW-P-0216,2026-03-22,AeroLink,OEM,78,36000,1200,2808000,336960,2471040,1622400,50800,797840,New synthetic portfolio record
NEW-P-0217,2026-05-18,VectorNode,OEM,81,18000,800,1458000,116640,1341360,858600,52600,430160,New synthetic portfolio record
NEW-P-0218,2026-06-22,ThermaTrack,OEM,108,25000,800,2700000,216000,2484000,1512000,68800,903200,New synthetic portfolio record
NEW-P-0219,2026-03-28,FlowGuard,Distributor,16,32000,2800,512000,143360,368640,320000,13600,35040,New synthetic portfolio record
NEW-P-0220,2026-02-17,EdgeMeter Pro,OEM,113,42000,1800,4746000,854280,3891720,2802400,71800,1017520,New synthetic portfolio record
NEW-P-0221,2026-03-17,PulseSense X1,Service,19,28000,500,532000,26600,505400,359100,15400,130900,New synthetic portfolio record
NEW-P-0222,2026-04-24,AeroLink,OEM,14,36000,1000,504000,50400,453600,291200,12400,150000,New synthetic portfolio record
NEW-P-0223,2026-06-27,VectorNode,Service,85,18000,500,1530000,76500,1453500,901000,55000,497500,New synthetic portfolio record
NEW-P-0224,2026-01-31,ThermaTrack,OEM,115,25000,800,2875000,230000,2645000,1610000,73000,962000,New synthetic portfolio record
NEW-P-0225,2026-04-07,FlowGuard,Service,43,32000,1500,1376000,206400,1169600,860000,29800,279800,New synthetic portfolio record
NEW-P-0226,2026-01-08,EdgeMeter Pro,Service,36,42000,500,1512000,75600,1436400,892800,25600,518000,New synthetic portfolio record
NEW-P-0227,2026-01-20,PulseSense X1,OEM,60,28000,2500,1680000,420000,1260000,1134000,40000,86000,New synthetic portfolio record
NEW-P-0228,2026-03-09,AeroLink,Distributor,95,36000,2500,3420000,855000,2565000,1976000,61000,528000,New synthetic portfolio record
NEW-P-0229,2026-03-04,VectorNode,Distributor,50,18000,500,900000,45000,855000,530000,34000,291000,New synthetic portfolio record
NEW-P-0230,2026-01-08,ThermaTrack,OEM,37,25000,2500,925000,231250,693750,518000,26200,149550,New synthetic portfolio record
NEW-P-0231,2026-05-28,FlowGuard,OEM,52,32000,3200,1664000,532480,1131520,1040000,35200,56320,New synthetic portfolio record
NEW-P-0232,2026-02-04,EdgeMeter Pro,OEM,61,42000,1000,2562000,256200,2305800,1512800,40600,752400,New synthetic portfolio record
NEW-P-0233,2026-04-07,PulseSense X1,Service,98,28000,2800,2744000,768320,1975680,1852200,62800,60680,New synthetic portfolio record
NEW-P-0234,2026-06-16,AeroLink,Service,41,36000,1200,1476000,177120,1298880,852800,28600,417480,New synthetic portfolio record
NEW-P-0235,2026-01-19,VectorNode,Distributor,36,18000,800,648000,51840,596160,381600,25600,188960,New synthetic portfolio record
NEW-P-0236,2026-03-13,ThermaTrack,Distributor,98,25000,1200,2450000,294000,2156000,1372000,62800,721200,New synthetic portfolio record
NEW-P-0237,2026-01-25,FlowGuard,OEM,12,32000,1000,384000,38400,345600,240000,11200,94400,New synthetic portfolio record
NEW-P-0238,2026-06-25,EdgeMeter Pro,Distributor,44,42000,1500,1848000,277200,1570800,1091200,30400,449200,New synthetic portfolio record
NEW-P-0239,2026-01-07,PulseSense X1,Distributor,16,28000,2500,448000,112000,336000,302400,13600,20000,New synthetic portfolio record
NEW-P-0240,2026-03-30,AeroLink,Service,17,36000,800,612000,48960,563040,353600,14200,195240,New synthetic portfolio record
NEW-P-0241,2026-03-21,VectorNode,OEM,97,18000,2800,1746000,488880,1257120,1028200,62200,166720,New synthetic portfolio record
NEW-P-0242,2026-02-07,ThermaTrack,Service,58,25000,2500,1450000,362500,1087500,812000,38800,236700,New synthetic portfolio record
NEW-P-0243,2026-05-31,FlowGuard,Service,63,32000,1500,2016000,302400,1713600,1260000,41800,411800,New synthetic portfolio record
NEW-P-0244,2026-06-26,EdgeMeter Pro,Distributor,32,42000,1200,1344000,161280,1182720,793600,23200,365920,New synthetic portfolio record
NEW-P-0245,2026-04-08,PulseSense X1,Distributor,33,28000,1200,924000,110880,813120,623700,23800,165620,New synthetic portfolio record
NEW-P-0246,2026-02-01,AeroLink,Service,76,36000,1500,2736000,410400,2325600,1580800,49600,695200,New synthetic portfolio record
NEW-P-0247,2026-03-27,VectorNode,Service,112,18000,1500,2016000,302400,1713600,1187200,71200,455200,New synthetic portfolio record
NEW-P-0248,2026-02-06,ThermaTrack,OEM,97,25000,2200,2425000,533500,1891500,1358000,62200,471300,New synthetic portfolio record
NEW-P-0249,2026-06-11,FlowGuard,Distributor,107,32000,800,3424000,273920,3150080,2140000,68200,941880,New synthetic portfolio record
NEW-P-0250,2026-03-18,EdgeMeter Pro,Distributor,80,42000,2200,3360000,739200,2620800,1984000,52000,584800,New synthetic portfolio record
NEW-P-0251,2026-02-22,PulseSense X1,OEM,51,28000,500,1428000,71400,1356600,963900,34600,358100,New synthetic portfolio record
NEW-P-0252,2026-01-30,AeroLink,Distributor,54,36000,2200,1944000,427680,1516320,1123200,36400,356720,New synthetic portfolio record
NEW-P-0253,2026-04-05,VectorNode,Service,103,18000,2800,1854000,519120,1334880,1091800,65800,177280,New synthetic portfolio record
NEW-P-0254,2026-01-16,ThermaTrack,Service,104,25000,1000,2600000,260000,2340000,1456000,66400,817600,New synthetic portfolio record
NEW-P-0255,2026-06-06,FlowGuard,Distributor,75,32000,1200,2400000,288000,2112000,1500000,49000,563000,New synthetic portfolio record
NEW-P-0256,2026-05-04,EdgeMeter Pro,Distributor,27,42000,2500,1134000,283500,850500,669600,20200,160700,New synthetic portfolio record
NEW-P-0257,2026-02-19,PulseSense X1,Service,74,28000,1000,2072000,207200,1864800,1398600,48400,417800,New synthetic portfolio record
NEW-P-0258,2026-05-26,AeroLink,OEM,96,36000,1000,3456000,345600,3110400,1996800,61600,1052000,New synthetic portfolio record
NEW-P-0259,2026-04-30,VectorNode,Distributor,90,18000,2800,1620000,453600,1166400,954000,58000,154400,New synthetic portfolio record
NEW-P-0260,2026-01-13,ThermaTrack,Service,93,25000,1800,2325000,418500,1906500,1302000,59800,544700,New synthetic portfolio record
NEW-P-0261,2026-04-15,FlowGuard,Distributor,81,32000,1000,2592000,259200,2332800,1620000,52600,660200,New synthetic portfolio record
NEW-P-0262,2026-05-17,EdgeMeter Pro,Distributor,47,42000,1800,1974000,355320,1618680,1165600,32200,420880,New synthetic portfolio record
NEW-P-0263,2026-03-22,PulseSense X1,Service,55,28000,1800,1540000,277200,1262800,1039500,37000,186300,New synthetic portfolio record
NEW-P-0264,2026-02-15,AeroLink,OEM,19,36000,2200,684000,150480,533520,395200,15400,122920,New synthetic portfolio record
NEW-P-0265,2026-04-14,VectorNode,OEM,113,18000,3200,2034000,650880,1383120,1197800,71800,113520,New synthetic portfolio record
NEW-P-0266,2026-06-27,ThermaTrack,OEM,54,25000,800,1350000,108000,1242000,756000,36400,449600,New synthetic portfolio record
NEW-P-0267,2026-04-10,FlowGuard,Service,73,32000,3200,2336000,747520,1588480,1460000,47800,80680,New synthetic portfolio record
NEW-P-0268,2026-04-09,EdgeMeter Pro,OEM,83,42000,2200,3486000,766920,2719080,2058400,53800,606880,New synthetic portfolio record
NEW-P-0269,2026-03-01,PulseSense X1,OEM,115,28000,1800,3220000,579600,2640400,2173500,73000,393900,New synthetic portfolio record
NEW-P-0270,2026-01-03,AeroLink,OEM,41,36000,800,1476000,118080,1357920,852800,28600,476520,New synthetic portfolio record
NEW-P-0271,2026-05-10,VectorNode,Service,39,18000,800,702000,56160,645840,413400,27400,205040,New synthetic portfolio record
NEW-P-0272,2026-01-30,ThermaTrack,Service,61,25000,3200,1525000,488000,1037000,854000,40600,142400,New synthetic portfolio record
NEW-P-0273,2026-05-20,FlowGuard,Distributor,111,32000,500,3552000,177600,3374400,2220000,70600,1083800,New synthetic portfolio record
NEW-P-0274,2026-02-17,EdgeMeter Pro,Distributor,42,42000,1200,1764000,211680,1552320,1041600,29200,481520,New synthetic portfolio record
NEW-P-0275,2026-03-10,PulseSense X1,Distributor,52,28000,2200,1456000,320320,1135680,982800,35200,117680,New synthetic portfolio record
NEW-P-0276,2026-05-27,AeroLink,Distributor,25,36000,1200,900000,108000,792000,520000,19000,253000,New synthetic portfolio record
NEW-P-0277,2026-02-15,VectorNode,Distributor,31,18000,2200,558000,122760,435240,328600,22600,84040,New synthetic portfolio record
NEW-P-0278,2026-05-02,ThermaTrack,Distributor,97,25000,2200,2425000,533500,1891500,1358000,62200,471300,New synthetic portfolio record
NEW-P-0279,2026-02-13,FlowGuard,OEM,32,32000,1200,1024000,122880,901120,640000,23200,237920,New synthetic portfolio record
NEW-P-0280,2026-02-06,EdgeMeter Pro,Service,104,42000,2800,4368000,1223040,3144960,2579200,66400,499360,New synthetic portfolio record
NEW-P-0281,2026-06-19,PulseSense X1,OEM,41,28000,800,1148000,91840,1056160,774900,28600,252660,New synthetic portfolio record
NEW-P-0282,2026-06-26,AeroLink,Distributor,19,36000,2800,684000,191520,492480,395200,15400,81880,New synthetic portfolio record
NEW-P-0283,2026-04-08,VectorNode,Service,22,18000,1200,396000,47520,348480,233200,17200,98080,New synthetic portfolio record
NEW-P-0284,2026-01-04,ThermaTrack,OEM,101,25000,2800,2525000,707000,1818000,1414000,64600,339400,New synthetic portfolio record
NEW-P-0285,2026-06-11,FlowGuard,Distributor,23,32000,1200,736000,88320,647680,460000,17800,169880,New synthetic portfolio record
NEW-P-0286,2026-05-02,EdgeMeter Pro,Service,14,42000,500,588000,29400,558600,347200,12400,199000,New synthetic portfolio record
NEW-P-0287,2026-01-02,PulseSense X1,Distributor,106,28000,3200,2968000,949760,2018240,2003400,67600,-52760,New synthetic portfolio record
NEW-P-0288,2026-05-09,AeroLink,Service,34,36000,2800,1224000,342720,881280,707200,24400,149680,New synthetic portfolio record
NEW-P-0289,2026-06-13,VectorNode,OEM,65,18000,1500,1170000,175500,994500,689000,43000,262500,New synthetic portfolio record
NEW-P-0290,2026-01-29,ThermaTrack,Distributor,76,25000,1500,1900000,285000,1615000,1064000,49600,501400,New synthetic portfolio record
NEW-P-0291,2026-06-28,FlowGuard,Service,74,32000,1000,2368000,236800,2131200,1480000,48400,602800,New synthetic portfolio record
NEW-P-0292,2026-03-15,EdgeMeter Pro,OEM,79,42000,3200,3318000,1061760,2256240,1959200,51400,245640,New synthetic portfolio record
NEW-P-0293,2026-03-03,PulseSense X1,Distributor,91,28000,2200,2548000,560560,1987440,1719900,58600,208940,New synthetic portfolio record
NEW-P-0294,2026-02-10,AeroLink,OEM,87,36000,1500,3132000,469800,2662200,1809600,56200,796400,New synthetic portfolio record
NEW-P-0295,2026-03-01,VectorNode,Distributor,40,18000,800,720000,57600,662400,424000,28000,210400,New synthetic portfolio record
NEW-P-0296,2026-05-06,ThermaTrack,Distributor,42,25000,2200,1050000,231000,819000,588000,29200,201800,New synthetic portfolio record
NEW-P-0297,2026-04-10,FlowGuard,Service,92,32000,2500,2944000,736000,2208000,1840000,59200,308800,New synthetic portfolio record
NEW-P-0298,2026-05-20,EdgeMeter Pro,Distributor,75,42000,3200,3150000,1008000,2142000,1860000,49000,233000,New synthetic portfolio record
NEW-P-0299,2026-02-28,PulseSense X1,Distributor,73,28000,2200,2044000,449680,1594320,1379700,47800,166820,New synthetic portfolio record
NEW-P-0300,2026-02-12,AeroLink,Distributor,78,36000,1000,2808000,280800,2527200,1622400,50800,854000,New synthetic portfolio record
NEW-P-0301,2026-03-22,VectorNode,OEM,102,18000,2800,1836000,514080,1321920,1081200,65200,175520,New synthetic portfolio record
NEW-P-0302,2026-05-01,ThermaTrack,OEM,105,25000,1500,2625000,393750,2231250,1470000,67000,694250,New synthetic portfolio record
NEW-P-0303,2026-04-19,FlowGuard,Distributor,38,32000,2200,1216000,267520,948480,760000,26800,161680,New synthetic portfolio record
NEW-P-0304,2026-01-26,EdgeMeter Pro,Distributor,104,42000,2500,4368000,1092000,3276000,2579200,66400,630400,New synthetic portfolio record
NEW-P-0305,2026-01-02,PulseSense X1,OEM,117,28000,1500,3276000,491400,2784600,2211300,74200,499100,New synthetic portfolio record
NEW-P-0306,2026-05-18,AeroLink,OEM,49,36000,3200,1764000,564480,1199520,1019200,33400,146920,New synthetic portfolio record
NEW-P-0307,2026-06-21,VectorNode,OEM,21,18000,2500,378000,94500,283500,222600,16600,44300,New synthetic portfolio record
NEW-P-0308,2026-05-29,ThermaTrack,Distributor,35,25000,2200,875000,192500,682500,490000,25000,167500,New synthetic portfolio record
NEW-P-0309,2026-05-26,FlowGuard,Distributor,116,32000,1200,3712000,445440,3266560,2320000,73600,872960,New synthetic portfolio record
NEW-P-0310,2026-01-05,EdgeMeter Pro,Service,98,42000,3200,4116000,1317120,2798880,2430400,62800,305680,New synthetic portfolio record
NEW-P-0311,2026-02-28,PulseSense X1,Distributor,101,28000,1500,2828000,424200,2403800,1908900,64600,430300,New synthetic portfolio record
NEW-P-0312,2026-06-05,AeroLink,Distributor,51,36000,2500,1836000,459000,1377000,1060800,34600,281600,New synthetic portfolio record
NEW-P-0313,2026-02-04,VectorNode,Service,12,18000,500,216000,10800,205200,127200,11200,66800,New synthetic portfolio record
NEW-P-0314,2026-03-05,ThermaTrack,OEM,108,25000,1200,2700000,324000,2376000,1512000,68800,795200,New synthetic portfolio record
NEW-P-0315,2026-03-26,FlowGuard,Service,89,32000,500,2848000,142400,2705600,1780000,57400,868200,New synthetic portfolio record
NEW-P-0316,2026-03-06,EdgeMeter Pro,Service,120,42000,1800,5040000,907200,4132800,2976000,76000,1080800,New synthetic portfolio record
NEW-P-0317,2026-03-14,PulseSense X1,OEM,18,28000,800,504000,40320,463680,340200,14800,108680,New synthetic portfolio record
NEW-P-0318,2026-02-11,AeroLink,OEM,21,36000,1200,756000,90720,665280,436800,16600,211880,New synthetic portfolio record
NEW-P-0319,2026-06-15,VectorNode,OEM,18,18000,1500,324000,48600,275400,190800,14800,69800,New synthetic portfolio record
NEW-P-0320,2026-06-20,ThermaTrack,Service,103,25000,1500,2575000,386250,2188750,1442000,65800,680950,New synthetic portfolio record
NEW-P-0321,2026-05-28,FlowGuard,OEM,98,32000,2500,3136000,784000,2352000,1960000,62800,329200,New synthetic portfolio record
NEW-P-0322,2026-02-15,EdgeMeter Pro,Distributor,89,42000,1800,3738000,672840,3065160,2207200,57400,800560,New synthetic portfolio record
NEW-P-0323,2026-01-18,PulseSense X1,Service,55,28000,1200,1540000,184800,1355200,1039500,37000,278700,New synthetic portfolio record
NEW-P-0324,2026-03-02,AeroLink,Distributor,32,36000,1500,1152000,172800,979200,665600,23200,290400,New synthetic portfolio record
NEW-P-0325,2026-05-13,VectorNode,OEM,34,18000,500,612000,30600,581400,360400,24400,196600,New synthetic portfolio record
NEW-P-0326,2026-05-20,ThermaTrack,Distributor,42,25000,500,1050000,52500,997500,588000,29200,380300,New synthetic portfolio record
NEW-P-0327,2026-06-30,FlowGuard,Distributor,55,32000,500,1760000,88000,1672000,1100000,37000,535000,New synthetic portfolio record
NEW-P-0328,2026-04-17,EdgeMeter Pro,OEM,85,42000,1000,3570000,357000,3213000,2108000,55000,1050000,New synthetic portfolio record
NEW-P-0329,2026-05-01,PulseSense X1,OEM,106,28000,1800,2968000,534240,2433760,2003400,67600,362760,New synthetic portfolio record
NEW-P-0330,2026-05-11,AeroLink,Service,117,36000,1800,4212000,758160,3453840,2433600,74200,946040,New synthetic portfolio record
NEW-P-0331,2026-01-06,VectorNode,Service,111,18000,1800,1998000,359640,1638360,1176600,70600,391160,New synthetic portfolio record
NEW-P-0332,2026-05-17,ThermaTrack,OEM,41,25000,1200,1025000,123000,902000,574000,28600,299400,New synthetic portfolio record
NEW-P-0333,2026-05-17,FlowGuard,Service,63,32000,500,2016000,100800,1915200,1260000,41800,613400,New synthetic portfolio record
NEW-P-0334,2026-06-14,EdgeMeter Pro,OEM,104,42000,500,4368000,218400,4149600,2579200,66400,1504000,New synthetic portfolio record
NEW-P-0335,2026-03-11,PulseSense X1,OEM,102,28000,500,2856000,142800,2713200,1927800,65200,720200,New synthetic portfolio record
NEW-P-0336,2026-04-21,AeroLink,Service,34,36000,2500,1224000,306000,918000,707200,24400,186400,New synthetic portfolio record
NEW-P-0337,2026-03-02,VectorNode,Service,29,18000,2200,522000,114840,407160,307400,21400,78360,New synthetic portfolio record
NEW-P-0338,2026-05-23,ThermaTrack,OEM,58,25000,1500,1450000,217500,1232500,812000,38800,381700,New synthetic portfolio record
NEW-P-0339,2026-04-12,FlowGuard,Distributor,54,32000,500,1728000,86400,1641600,1080000,36400,525200,New synthetic portfolio record
NEW-P-0340,2026-01-06,EdgeMeter Pro,Service,58,42000,1800,2436000,438480,1997520,1438400,38800,520320,New synthetic portfolio record
NEW-P-0341,2026-02-05,PulseSense X1,Service,40,28000,2200,1120000,246400,873600,756000,28000,89600,New synthetic portfolio record
NEW-P-0342,2026-02-10,AeroLink,OEM,45,36000,1200,1620000,194400,1425600,936000,31000,458600,New synthetic portfolio record
NEW-P-0343,2026-01-06,VectorNode,Service,32,18000,1500,576000,86400,489600,339200,23200,127200,New synthetic portfolio record
NEW-P-0344,2026-03-25,ThermaTrack,Service,97,25000,3200,2425000,776000,1649000,1358000,62200,228800,New synthetic portfolio record
NEW-P-0345,2026-01-13,FlowGuard,OEM,70,32000,1000,2240000,224000,2016000,1400000,46000,570000,New synthetic portfolio record
NEW-P-0346,2026-03-15,EdgeMeter Pro,OEM,81,42000,1200,3402000,408240,2993760,2008800,52600,932360,New synthetic portfolio record
NEW-P-0347,2026-06-30,PulseSense X1,OEM,12,28000,2800,336000,94080,241920,226800,11200,3920,New synthetic portfolio record
NEW-P-0348,2026-04-21,AeroLink,Distributor,111,36000,1800,3996000,719280,3276720,2308800,70600,897320,New synthetic portfolio record
NEW-P-0349,2026-03-12,VectorNode,Service,82,18000,1000,1476000,147600,1328400,869200,53200,406000,New synthetic portfolio record
NEW-P-0350,2026-04-10,ThermaTrack,Distributor,90,25000,1200,2250000,270000,1980000,1260000,58000,662000,New synthetic portfolio record
NEW-P-0351,2026-03-16,FlowGuard,Service,74,32000,2500,2368000,592000,1776000,1480000,48400,247600,New synthetic portfolio record
NEW-P-0352,2026-02-07,EdgeMeter Pro,Service,61,42000,800,2562000,204960,2357040,1512800,40600,803640,New synthetic portfolio record
NEW-P-0353,2026-03-18,PulseSense X1,OEM,16,28000,500,448000,22400,425600,302400,13600,109600,New synthetic portfolio record
NEW-P-0354,2026-03-06,AeroLink,Service,55,36000,800,1980000,158400,1821600,1144000,37000,640600,New synthetic portfolio record
NEW-P-0355,2026-05-19,VectorNode,Service,61,18000,1800,1098000,197640,900360,646600,40600,213160,New synthetic portfolio record
NEW-P-0356,2026-05-10,ThermaTrack,OEM,25,25000,3200,625000,200000,425000,350000,19000,56000,New synthetic portfolio record
NEW-P-0357,2026-06-22,FlowGuard,Service,80,32000,3200,2560000,819200,1740800,1600000,52000,88800,New synthetic portfolio record
NEW-P-0358,2026-01-20,EdgeMeter Pro,Distributor,98,42000,2200,4116000,905520,3210480,2430400,62800,717280,New synthetic portfolio record
NEW-P-0359,2026-06-08,PulseSense X1,OEM,86,28000,2800,2408000,674240,1733760,1625400,55600,52760,New synthetic portfolio record
NEW-P-0360,2026-06-12,AeroLink,Service,66,36000,3200,2376000,760320,1615680,1372800,43600,199280,New synthetic portfolio record
NEW-P-0361,2026-03-28,VectorNode,Distributor,87,18000,1800,1566000,281880,1284120,922200,56200,305720,New synthetic portfolio record
NEW-P-0362,2026-03-27,ThermaTrack,Distributor,63,25000,1000,1575000,157500,1417500,882000,41800,493700,New synthetic portfolio record
NEW-P-0363,2026-05-02,FlowGuard,OEM,27,32000,3200,864000,276480,587520,540000,20200,27320,New synthetic portfolio record
NEW-P-0364,2026-02-28,EdgeMeter Pro,Service,113,42000,2200,4746000,1044120,3701880,2802400,71800,827680,New synthetic portfolio record
NEW-P-0365,2026-05-18,PulseSense X1,OEM,90,28000,1500,2520000,378000,2142000,1701000,58000,383000,New synthetic portfolio record
NEW-P-0366,2026-05-30,AeroLink,OEM,113,36000,3200,4068000,1301760,2766240,2350400,71800,344040,New synthetic portfolio record
NEW-P-0367,2026-06-15,VectorNode,Service,61,18000,1200,1098000,131760,966240,646600,40600,279040,New synthetic portfolio record
NEW-P-0368,2026-01-26,ThermaTrack,Service,76,25000,1200,1900000,228000,1672000,1064000,49600,558400,New synthetic portfolio record
NEW-P-0369,2026-04-22,FlowGuard,Service,61,32000,1800,1952000,351360,1600640,1220000,40600,340040,New synthetic portfolio record
NEW-P-0370,2026-06-13,EdgeMeter Pro,Service,77,42000,1800,3234000,582120,2651880,1909600,50200,692080,New synthetic portfolio record
NEW-P-0371,2026-06-26,PulseSense X1,Distributor,48,28000,2500,1344000,336000,1008000,907200,32800,68000,New synthetic portfolio record
NEW-P-0372,2026-01-17,AeroLink,OEM,102,36000,1800,3672000,660960,3011040,2121600,65200,824240,New synthetic portfolio record
NEW-P-0373,2026-05-28,VectorNode,Distributor,89,18000,2200,1602000,352440,1249560,943400,57400,248760,New synthetic portfolio record
NEW-P-0374,2026-04-08,ThermaTrack,OEM,111,25000,2200,2775000,610500,2164500,1554000,70600,539900,New synthetic portfolio record
NEW-P-0375,2026-04-17,FlowGuard,OEM,40,32000,2200,1280000,281600,998400,800000,28000,170400,New synthetic portfolio record
NEW-P-0376,2026-02-28,EdgeMeter Pro,OEM,100,42000,800,4200000,336000,3864000,2480000,64000,1320000,New synthetic portfolio record
NEW-P-0377,2026-02-08,PulseSense X1,Distributor,106,28000,1200,2968000,356160,2611840,2003400,67600,540840,New synthetic portfolio record
NEW-P-0378,2026-01-31,AeroLink,OEM,82,36000,2200,2952000,649440,2302560,1705600,53200,543760,New synthetic portfolio record
NEW-P-0379,2026-02-19,VectorNode,Service,31,18000,3200,558000,178560,379440,328600,22600,28240,New synthetic portfolio record
NEW-P-0380,2026-06-09,ThermaTrack,OEM,29,25000,3200,725000,232000,493000,406000,21400,65600,New synthetic portfolio record
NEW-P-0381,2026-03-23,FlowGuard,OEM,38,32000,800,1216000,97280,1118720,760000,26800,331920,New synthetic portfolio record
NEW-P-0382,2026-03-03,EdgeMeter Pro,Distributor,45,42000,800,1890000,151200,1738800,1116000,31000,591800,New synthetic portfolio record
NEW-P-0383,2026-02-19,PulseSense X1,Service,17,28000,2800,476000,133280,342720,321300,14200,7220,New synthetic portfolio record
NEW-P-0384,2026-05-16,AeroLink,Distributor,106,36000,2800,3816000,1068480,2747520,2204800,67600,475120,New synthetic portfolio record
NEW-P-0385,2026-03-26,VectorNode,Distributor,94,18000,500,1692000,84600,1607400,996400,60400,550600,New synthetic portfolio record
NEW-P-0386,2026-03-20,ThermaTrack,Distributor,104,25000,3200,2600000,832000,1768000,1456000,66400,245600,New synthetic portfolio record
NEW-P-0387,2026-05-24,FlowGuard,Distributor,44,32000,1800,1408000,253440,1154560,880000,30400,244160,New synthetic portfolio record
NEW-P-0388,2026-02-03,EdgeMeter Pro,Distributor,62,42000,1800,2604000,468720,2135280,1537600,41200,556480,New synthetic portfolio record
NEW-P-0389,2026-06-09,PulseSense X1,Service,63,28000,2200,1764000,388080,1375920,1190700,41800,143420,New synthetic portfolio record
NEW-P-0390,2026-06-15,AeroLink,OEM,67,36000,1200,2412000,289440,2122560,1393600,44200,684760,New synthetic portfolio record
NEW-P-0391,2026-03-08,VectorNode,Service,64,18000,1800,1152000,207360,944640,678400,42400,223840,New synthetic portfolio record
NEW-P-0392,2026-01-03,ThermaTrack,OEM,59,25000,1800,1475000,265500,1209500,826000,39400,344100,New synthetic portfolio record
NEW-P-0393,2026-04-27,FlowGuard,Distributor,87,32000,1000,2784000,278400,2505600,1740000,56200,709400,New synthetic portfolio record
NEW-P-0394,2026-03-31,EdgeMeter Pro,Distributor,20,42000,1200,840000,100800,739200,496000,16000,227200,New synthetic portfolio record
NEW-P-0395,2026-06-30,PulseSense X1,Distributor,46,28000,1800,1288000,231840,1056160,869400,31600,155160,New synthetic portfolio record
NEW-P-0396,2026-02-03,AeroLink,Distributor,52,36000,1800,1872000,336960,1535040,1081600,35200,418240,New synthetic portfolio record
NEW-P-0397,2026-01-07,VectorNode,OEM,59,18000,1500,1062000,159300,902700,625400,39400,237900,New synthetic portfolio record
NEW-P-0398,2026-03-18,ThermaTrack,Service,104,25000,2200,2600000,572000,2028000,1456000,66400,505600,New synthetic portfolio record
NEW-P-0399,2026-05-24,FlowGuard,Service,95,32000,2800,3040000,851200,2188800,1900000,61000,227800,New synthetic portfolio record
NEW-P-0400,2026-05-15,EdgeMeter Pro,Distributor,67,42000,3200,2814000,900480,1913520,1661600,44200,207720,New synthetic portfolio record
NEW-P-0401,2026-02-05,PulseSense X1,Distributor,80,28000,1000,2240000,224000,2016000,1512000,52000,452000,New synthetic portfolio record
NEW-P-0402,2026-01-07,AeroLink,Service,63,36000,3200,2268000,725760,1542240,1310400,41800,190040,New synthetic portfolio record
NEW-P-0403,2026-04-16,VectorNode,OEM,57,18000,1000,1026000,102600,923400,604200,38200,281000,New synthetic portfolio record
NEW-P-0404,2026-05-22,ThermaTrack,Distributor,35,25000,2800,875000,245000,630000,490000,25000,115000,New synthetic portfolio record
NEW-P-0405,2026-06-25,FlowGuard,Distributor,111,32000,1000,3552000,355200,3196800,2220000,70600,906200,New synthetic portfolio record
NEW-P-0406,2026-01-16,EdgeMeter Pro,Service,114,42000,1200,4788000,574560,4213440,2827200,72400,1313840,New synthetic portfolio record
NEW-P-0407,2026-05-12,PulseSense X1,Service,33,28000,800,924000,73920,850080,623700,23800,202580,New synthetic portfolio record
NEW-P-0408,2026-01-02,AeroLink,Distributor,99,36000,3200,3564000,1140480,2423520,2059200,63400,300920,New synthetic portfolio record
NEW-P-0409,2026-04-18,VectorNode,OEM,18,18000,1800,324000,58320,265680,190800,14800,60080,New synthetic portfolio record
NEW-P-0410,2026-04-18,ThermaTrack,OEM,26,25000,1200,650000,78000,572000,364000,19600,188400,New synthetic portfolio record
NEW-P-0411,2026-02-06,FlowGuard,OEM,47,32000,2200,1504000,330880,1173120,940000,32200,200920,New synthetic portfolio record
NEW-P-0412,2026-02-12,EdgeMeter Pro,Distributor,111,42000,1800,4662000,839160,3822840,2752800,70600,999440,New synthetic portfolio record
NEW-P-0413,2026-04-20,PulseSense X1,OEM,52,28000,2200,1456000,320320,1135680,982800,35200,117680,New synthetic portfolio record
NEW-P-0414,2026-05-16,AeroLink,Service,91,36000,2800,3276000,917280,2358720,1892800,58600,407320,New synthetic portfolio record
NEW-P-0415,2026-05-31,VectorNode,OEM,65,18000,2500,1170000,292500,877500,689000,43000,145500,New synthetic portfolio record
NEW-P-0416,2026-06-17,ThermaTrack,Distributor,101,25000,500,2525000,126250,2398750,1414000,64600,920150,New synthetic portfolio record
NEW-P-0417,2026-03-29,FlowGuard,Distributor,30,32000,1200,960000,115200,844800,600000,22000,222800,New synthetic portfolio record
NEW-P-0418,2026-04-03,EdgeMeter Pro,OEM,83,42000,1500,3486000,522900,2963100,2058400,53800,850900,New synthetic portfolio record
NEW-P-0419,2026-03-15,PulseSense X1,Distributor,94,28000,2500,2632000,658000,1974000,1776600,60400,137000,New synthetic portfolio record
NEW-P-0420,2026-03-12,AeroLink,Service,118,36000,1800,4248000,764640,3483360,2454400,74800,954160,New synthetic portfolio record
NEW-P-0421,2026-01-16,VectorNode,Distributor,112,18000,2800,2016000,564480,1451520,1187200,71200,193120,New synthetic portfolio record
NEW-P-0422,2026-01-04,ThermaTrack,Distributor,102,25000,2500,2550000,637500,1912500,1428000,65200,419300,New synthetic portfolio record
NEW-P-0423,2026-04-25,FlowGuard,OEM,57,32000,2200,1824000,401280,1422720,1140000,38200,244520,New synthetic portfolio record
NEW-P-0424,2026-06-08,EdgeMeter Pro,Service,40,42000,1000,1680000,168000,1512000,992000,28000,492000,New synthetic portfolio record
NEW-P-0425,2026-05-04,PulseSense X1,Distributor,103,28000,800,2884000,230720,2653280,1946700,65800,640780,New synthetic portfolio record
NEW-P-0426,2026-01-05,AeroLink,OEM,40,36000,500,1440000,72000,1368000,832000,28000,508000,New synthetic portfolio record
NEW-P-0427,2026-03-25,VectorNode,Service,32,18000,2200,576000,126720,449280,339200,23200,86880,New synthetic portfolio record
NEW-P-0428,2026-02-03,ThermaTrack,Service,76,25000,800,1900000,152000,1748000,1064000,49600,634400,New synthetic portfolio record
NEW-P-0429,2026-05-28,FlowGuard,Service,99,32000,2200,3168000,696960,2471040,1980000,63400,427640,New synthetic portfolio record
NEW-P-0430,2026-01-12,EdgeMeter Pro,Distributor,114,42000,2500,4788000,1197000,3591000,2827200,72400,691400,New synthetic portfolio record
NEW-P-0431,2026-06-27,PulseSense X1,Service,62,28000,1500,1736000,260400,1475600,1171800,41200,262600,New synthetic portfolio record
NEW-P-0432,2026-02-28,AeroLink,Service,26,36000,3200,936000,299520,636480,540800,19600,76080,New synthetic portfolio record
NEW-P-0433,2026-06-11,VectorNode,Service,82,18000,1500,1476000,221400,1254600,869200,53200,332200,New synthetic portfolio record
NEW-P-0434,2026-05-01,ThermaTrack,Service,54,25000,800,1350000,108000,1242000,756000,36400,449600,New synthetic portfolio record
NEW-P-0435,2026-03-29,FlowGuard,OEM,82,32000,1500,2624000,393600,2230400,1640000,53200,537200,New synthetic portfolio record
NEW-P-0436,2026-06-25,EdgeMeter Pro,Distributor,37,42000,1000,1554000,155400,1398600,917600,26200,454800,New synthetic portfolio record
NEW-P-0437,2026-03-01,PulseSense X1,Service,22,28000,800,616000,49280,566720,415800,17200,133720,New synthetic portfolio record
NEW-P-0438,2026-06-23,AeroLink,Service,116,36000,1500,4176000,626400,3549600,2412800,73600,1063200,New synthetic portfolio record
NEW-P-0439,2026-06-04,VectorNode,OEM,57,18000,1000,1026000,102600,923400,604200,38200,281000,New synthetic portfolio record
NEW-P-0440,2026-01-06,ThermaTrack,OEM,54,25000,3200,1350000,432000,918000,756000,36400,125600,New synthetic portfolio record
NEW-P-0441,2026-01-24,FlowGuard,Distributor,53,32000,1800,1696000,305280,1390720,1060000,35800,294920,New synthetic portfolio record
NEW-P-0442,2026-02-16,EdgeMeter Pro,OEM,29,42000,1000,1218000,121800,1096200,719200,21400,355600,New synthetic portfolio record
NEW-P-0443,2026-04-14,PulseSense X1,Distributor,88,28000,1800,2464000,443520,2020480,1663200,56800,300480,New synthetic portfolio record
NEW-P-0444,2026-01-27,AeroLink,Distributor,22,36000,2200,792000,174240,617760,457600,17200,142960,New synthetic portfolio record
NEW-P-0445,2026-06-28,VectorNode,Service,21,18000,800,378000,30240,347760,222600,16600,108560,New synthetic portfolio record
NEW-P-0446,2026-01-20,ThermaTrack,Service,95,25000,3200,2375000,760000,1615000,1330000,61000,224000,New synthetic portfolio record
NEW-P-0447,2026-02-01,FlowGuard,OEM,96,32000,2800,3072000,860160,2211840,1920000,61600,230240,New synthetic portfolio record
NEW-P-0448,2026-05-27,EdgeMeter Pro,OEM,24,42000,2800,1008000,282240,725760,595200,18400,112160,New synthetic portfolio record
NEW-P-0449,2026-02-16,PulseSense X1,Service,97,28000,1800,2716000,488880,2227120,1833300,62200,331620,New synthetic portfolio record
NEW-P-0450,2026-03-10,AeroLink,Service,98,36000,800,3528000,282240,3245760,2038400,62800,1144560,New synthetic portfolio record
NEW-P-0451,2026-04-16,VectorNode,Distributor,89,18000,3200,1602000,512640,1089360,943400,57400,88560,New synthetic portfolio record
NEW-P-0452,2026-02-01,ThermaTrack,Service,89,25000,2800,2225000,623000,1602000,1246000,57400,298600,New synthetic portfolio record
NEW-P-0453,2026-06-01,FlowGuard,Distributor,102,32000,1200,3264000,391680,2872320,2040000,65200,767120,New synthetic portfolio record
NEW-P-0454,2026-05-24,EdgeMeter Pro,OEM,118,42000,1200,4956000,594720,4361280,2926400,74800,1360080,New synthetic portfolio record
NEW-P-0455,2026-03-20,PulseSense X1,OEM,101,28000,800,2828000,226240,2601760,1908900,64600,628260,New synthetic portfolio record
NEW-P-0456,2026-04-07,AeroLink,OEM,39,36000,2500,1404000,351000,1053000,811200,27400,214400,New synthetic portfolio record
NEW-P-0457,2026-02-14,VectorNode,Service,45,18000,1800,810000,145800,664200,477000,31000,156200,New synthetic portfolio record
NEW-P-0458,2026-03-30,ThermaTrack,Service,48,25000,3200,1200000,384000,816000,672000,32800,111200,New synthetic portfolio record
NEW-P-0459,2026-01-04,FlowGuard,Service,64,32000,1800,2048000,368640,1679360,1280000,42400,356960,New synthetic portfolio record
NEW-P-0460,2026-05-19,EdgeMeter Pro,OEM,25,42000,3200,1050000,336000,714000,620000,19000,75000,New synthetic portfolio record
NEW-P-0461,2026-06-14,PulseSense X1,Service,98,28000,800,2744000,219520,2524480,1852200,62800,609480,New synthetic portfolio record
NEW-P-0462,2026-03-16,AeroLink,OEM,73,36000,2200,2628000,578160,2049840,1518400,47800,483640,New synthetic portfolio record
NEW-P-0463,2026-03-24,VectorNode,Distributor,86,18000,2500,1548000,387000,1161000,911600,55600,193800,New synthetic portfolio record
NEW-P-0464,2026-06-20,ThermaTrack,OEM,68,25000,2800,1700000,476000,1224000,952000,44800,227200,New synthetic portfolio record
NEW-P-0465,2026-04-20,FlowGuard,OEM,65,32000,2800,2080000,582400,1497600,1300000,43000,154600,New synthetic portfolio record
NEW-P-0466,2026-05-12,EdgeMeter Pro,Distributor,18,42000,1000,756000,75600,680400,446400,14800,219200,New synthetic portfolio record
NEW-P-0467,2026-06-20,PulseSense X1,OEM,56,28000,800,1568000,125440,1442560,1058400,37600,346560,New synthetic portfolio record
NEW-P-0468,2026-02-20,AeroLink,Distributor,39,36000,2500,1404000,351000,1053000,811200,27400,214400,New synthetic portfolio record
NEW-P-0469,2026-05-08,VectorNode,OEM,45,18000,2800,810000,226800,583200,477000,31000,75200,New synthetic portfolio record
NEW-P-0470,2026-03-30,ThermaTrack,Service,76,25000,3200,1900000,608000,1292000,1064000,49600,178400,New synthetic portfolio record
NEW-P-0471,2026-02-26,FlowGuard,Distributor,92,32000,1800,2944000,529920,2414080,1840000,59200,514880,New synthetic portfolio record
NEW-P-0472,2026-04-13,EdgeMeter Pro,OEM,21,42000,1500,882000,132300,749700,520800,16600,212300,New synthetic portfolio record
NEW-P-0473,2026-03-10,PulseSense X1,Service,105,28000,2800,2940000,823200,2116800,1984500,67000,65300,New synthetic portfolio record
NEW-P-0474,2026-02-18,AeroLink,OEM,58,36000,1200,2088000,250560,1837440,1206400,38800,592240,New synthetic portfolio record
NEW-P-0475,2026-06-27,VectorNode,Service,62,18000,1800,1116000,200880,915120,657200,41200,216720,New synthetic portfolio record
NEW-P-0476,2026-05-10,ThermaTrack,Service,56,25000,1000,1400000,140000,1260000,784000,37600,438400,New synthetic portfolio record
NEW-P-0477,2026-02-24,FlowGuard,Distributor,51,32000,1200,1632000,195840,1436160,1020000,34600,381560,New synthetic portfolio record
NEW-P-0478,2026-03-05,EdgeMeter Pro,Service,108,42000,1800,4536000,816480,3719520,2678400,68800,972320,New synthetic portfolio record
NEW-P-0479,2026-04-24,PulseSense X1,Service,60,28000,3200,1680000,537600,1142400,1134000,40000,-31600,New synthetic portfolio record
NEW-P-0480,2026-06-21,AeroLink,OEM,13,36000,2200,468000,102960,365040,270400,11800,82840,New synthetic portfolio record
