scenario,month,segment,units,revenue_usd,variable_cost_usd,gross_profit_usd,fixed_cost_usd,operating_expense_usd,ebitda_usd,ebitda_margin
Downside,2026-07,Core,910,376457.9,236385.51,140072.39,90720.88,63400.35,-14048.84,-0.0373
Downside,2026-07,Enterprise,301,340154.08,190740.42,149413.66,77469.52,85226.7,-13282.56,-0.039
Downside,2026-07,Services,542,155857.52,61314.02,94543.5,42812.1,53006.85,-1275.45,-0.0082
Downside,2026-08,Core,926,383076.94,248960.7,134116.24,91923.41,65113.53,-22920.7,-0.0598
Downside,2026-08,Enterprise,307,346934.56,201351.54,145583.02,78496.39,87529.67,-20443.05,-0.0589
Downside,2026-08,Services,551,158445.56,64513.78,93931.78,43379.59,54439.18,-3886.99,-0.0245
Downside,2026-09,Core,888,367356.72,247100.22,120256.5,93141.78,66872.75,-39758.03,-0.1082
Downside,2026-09,Enterprise,294,332243.52,199574.14,132669.38,79536.8,89894.52,-36761.94,-0.1106
Downside,2026-09,Services,529,152119.24,64105.73,88013.51,43954.55,55910.01,-11851.05,-0.0779
Downside,2026-10,Core,939,388454.91,270437.0,118017.91,94376.21,68679.24,-45037.53,-0.1159
Downside,2026-10,Enterprise,311,351454.88,218503.14,132951.74,80590.92,92322.91,-39962.09,-0.1137
Downside,2026-10,Services,559,160746.04,70112.16,90633.88,44537.09,57420.35,-11323.56,-0.0704
Downside,2026-11,Core,970,401279.3,289142.94,112136.36,95626.9,70534.25,-54024.8,-0.1346
Downside,2026-11,Enterprise,321,362755.68,233422.47,129333.21,81658.93,94816.53,-47142.26,-0.13
Downside,2026-11,Services,578,166209.68,75032.56,91177.12,45127.3,58971.26,-12921.44,-0.0777
Downside,2026-12,Core,992,410380.48,306050.35,104330.13,96894.08,72439.09,-65003.04,-0.1584
Downside,2026-12,Enterprise,329,371796.32,247613.25,124183.07,82741.01,97377.14,-55935.08,-0.1504
Downside,2026-12,Services,591,169947.96,79405.35,90542.61,45725.29,60563.83,-15746.51,-0.0927
Base,2026-07,Core,932,392499.14,239761.19,152737.95,90407.2,63091.08,-760.33,-0.0019
Base,2026-07,Enterprise,309,355480.22,193918.05,161562.18,77201.65,84810.96,-450.44,-0.0013
Base,2026-07,Services,555,162468.52,62178.04,100290.49,42664.07,52748.28,4878.13,0.03
Base,2026-08,Core,971,416284.09,256038.97,160245.11,91288.83,64479.83,4476.45,0.0108
Base,2026-08,Enterprise,322,377103.55,207128.32,169975.22,77954.51,86677.8,5342.91,0.0142
Base,2026-08,Services,578,172247.08,66373.65,105873.43,43080.12,53909.37,8883.94,0.0516
Base,2026-09,Core,955,416794.26,258115.5,158678.76,92178.96,65898.89,600.9,0.0014
Base,2026-09,Enterprise,316,376738.15,208350.51,168387.65,78714.62,88585.4,1087.63,0.0029
Base,2026-09,Services,568,172313.83,66855.95,105457.88,43500.18,55095.8,6861.9,0.0398
Base,2026-10,Core,1033,458951.14,286177.11,172774.03,93077.68,67348.93,12347.42,0.0269
Base,2026-10,Enterprise,342,415074.84,231130.6,183944.23,79482.07,90534.63,13927.54,0.0336
Base,2026-10,Services,615,189930.5,74197.75,115732.75,43924.3,56308.12,15500.32,0.0816
Base,2026-11,Core,1094,494801.76,310653.15,184148.61,93985.08,68830.61,21332.93,0.0431
Base,2026-11,Enterprise,362,447256.49,250763.19,196493.3,80256.92,92526.39,23709.99,0.053
Base,2026-11,Services,651,204667.25,80504.56,124162.69,44352.51,57546.9,22263.28,0.1088
Base,2026-12,Core,1146,527650.44,333554.59,194095.85,94901.22,70344.61,28850.02,0.0547
Base,2026-12,Enterprise,380,477946.68,269812.88,208133.81,81039.25,94561.61,32532.95,0.0681
Base,2026-12,Services,682,218272.75,86446.56,131826.19,44784.85,58812.71,28228.63,0.1293
Upside,2026-07,Core,946,401134.51,242175.62,158958.89,90250.36,62967.37,5741.15,0.0143
Upside,2026-07,Enterprise,313,362557.92,195470.13,167087.79,77067.72,84644.66,5375.4,0.0148
Upside,2026-07,Services,563,165943.69,62766.62,103177.07,42590.06,52644.85,7942.16,0.0479
Upside,2026-08,Core,1000,434633.06,261119.59,173513.46,90972.36,64227.22,18313.88,0.0421
Upside,2026-08,Enterprise,331,392993.09,210845.45,182147.64,77684.27,86338.23,18125.15,0.0461
Upside,2026-08,Services,596,180062.16,67774.57,112287.59,42930.78,53698.16,15658.65,0.087
Upside,2026-09,Core,998,444607.88,265809.3,178798.59,91700.05,65512.01,21586.52,0.0486
Upside,2026-09,Enterprise,330,401600.94,214412.62,187188.32,78305.66,88065.33,20817.33,0.0518
Upside,2026-09,Services,594,183944.38,68898.08,115046.3,43274.18,54772.34,16999.78,0.0924
Upside,2026-10,Core,1096,500473.44,297749.03,202724.41,92433.47,66822.25,43468.69,0.0869
Upside,2026-10,Enterprise,363,452805.06,240570.96,212234.11,78931.95,89826.64,43475.52,0.096
Upside,2026-10,Services,652,206952.91,77138.01,129814.9,43620.29,55867.79,30326.82,0.1465
Upside,2026-11,Core,1177,550897.51,326149.29,224748.22,93172.66,68158.44,63417.12,0.1151
Upside,2026-11,Enterprise,390,498646.9,263633.96,235012.94,79563.17,91622.82,63826.95,0.128
Upside,2026-11,Services,701,228068.77,84593.9,143474.87,43969.12,56984.92,42520.83,0.1864
Upside,2026-12,Core,1252,600651.47,353870.59,246780.88,93917.68,69521.07,83342.13,0.1388
Upside,2026-12,Enterprise,415,543876.73,286144.24,257732.49,80199.36,93454.56,84078.57,0.1546
Upside,2026-12,Services,745,248443.67,91701.72,156741.96,44320.7,58124.17,54297.08,0.2185
